nro_cliente;cambio_de_plan
1;1
2;0
3;0
4;1
5;1
6;1
7;0
8;1
9;0
10;0
11;1
12;1
13;0
14;1
15;0
16;0
17;0
18;1
19;0
20;0
21;0
22;0
23;0
24;0
25;0
26;1
27;0
28;0
29;0
30;1
31;0
32;1
33;0
34;0
35;1
36;0
37;0
38;1
39;1
40;1
41;0
42;1
43;0
44;0
45;0
46;0
47;1
48;0
49;0
50;0
51;1
52;0
53;1
54;0
55;0
56;0
57;1
58;0
59;0
60;0
61;0
62;0
63;1
64;0
65;1
66;1
67;1
68;0
69;1
70;1
71;1
72;1
73;1
74;0
75;0
76;1
77;0
78;0
79;1
80;0
81;0
82;1
83;0
84;0
85;1
86;0
87;0
88;1
89;1
90;0
91;0
92;0
93;0
94;1
95;0
96;1
97;1
98;0
99;0
100;0
101;0
102;1
103;1
104;0
105;0
106;1
107;0
108;0
109;0
110;1
111;1
112;0
113;0
114;1
115;1
116;1
117;0
118;1
119;1
120;1
121;0
122;0
123;0
124;0
125;0
126;0
127;1
128;1
129;0
130;1
131;0
132;0
133;0
134;0
135;0
136;0
137;0
138;1
139;0
140;1
141;0
142;1
143;0
144;1
145;0
146;0
147;1
148;0
149;1
150;0
151;0
152;1
153;0
154;1
155;1
156;0
157;1
158;1
159;0
160;0
161;1
162;1
163;0
164;0
165;0
166;0
167;0
168;0
169;1
170;0
171;0
172;0
173;0
174;0
175;1
176;0
177;0
178;0
179;1
180;1
181;1
182;1
183;0
184;1
185;1
186;0
187;0
188;1
189;0
190;1
191;1
192;1
193;1
194;1
195;0
196;0
197;1
198;0
199;1
200;0
201;1
202;0
203;0
204;0
205;0
206;1
207;0
208;1
209;0
210;0
211;0
212;1
213;1
214;1
215;0
216;0
217;0
218;1
219;0
220;1
221;0
222;0
223;0
224;1
225;0
226;0
227;1
228;1
229;0
230;0
231;0
232;1
233;0
234;1
235;1
236;1
237;0
238;0
239;0
240;1
241;0
242;1
243;0
244;0
245;1
246;1
247;0
248;0
249;0
250;0
251;1
252;1
253;0
254;1
255;1
256;1
257;0
258;0
259;0
260;0
261;0
262;0
263;0
264;1
265;1
266;0
267;1
268;0
269;1
270;0
271;1
272;1
273;0
274;0
275;1
276;0
277;1
278;0
279;0
280;1
281;1
282;0
283;1
284;1
285;0
286;0
287;0
288;0
289;1
290;0
291;1
292;1
293;1
294;0
295;1
296;1
297;0
298;0
299;0
300;0
301;0
302;0
303;1
304;0
305;1
306;1
307;0
308;1
309;0
310;0
311;0
312;0
313;0
314;1
315;0
316;1
317;0
318;1
319;0
320;1
321;1
322;0
323;0
324;1
325;1
326;1
327;0
328;0
329;0
330;1
331;1
332;1
333;1
334;1
335;1
336;1
337;0
338;0
339;1
340;0
341;0
342;1
343;1
344;1
345;1
346;0
347;0
348;0
349;0
350;1
351;0
352;0
353;0
354;0
355;0
356;0
357;1
358;0
359;1
360;0
361;0
362;0
363;0
364;0
365;1
366;0
367;0
368;0
369;0
370;1
371;1
372;1
373;0
374;1
375;0
376;1
377;0
378;1
379;1
380;0
381;1
382;0
383;1
384;1
385;0
386;0
387;0
388;0
389;1
390;1
391;0
392;0
393;0
394;0
395;0
396;0
397;0
398;0
399;1
400;0
401;1
402;1
403;0
404;0
405;0
406;0
407;0
408;0
409;0
410;1
411;1
412;1
413;0
414;1
415;0
416;0
417;1
418;0
419;1
420;1
421;1
422;1
423;1
424;1
425;0
426;0
427;0
428;0
429;1
430;1
431;0
432;0
433;1
434;0
435;0
436;0
437;0
438;1
439;1
440;0
441;1
442;0
443;0
444;0
445;0
446;0
447;1
448;0
449;1
450;0
451;0
452;0
453;0
454;0
455;1
456;1
457;1
458;1
459;0
460;1
461;0
462;1
463;0
464;0
465;0
466;0
467;1
468;0
469;1
470;1
471;1
472;0
473;1
474;1
475;1
476;1
477;1
478;1
479;0
480;1
481;0
482;0
483;1
484;0
485;0
486;0
487;0
488;0
489;0
490;1
491;1
492;0
493;1
494;0
495;1
496;1
497;0
498;0
499;1
500;0
501;1
502;0
503;0
504;0
505;0
506;1
507;0
508;0
509;0
510;1
511;0
512;1
513;0
514;0
515;1
516;0
517;0
518;0
519;0
520;0
521;0
522;1
523;0
524;0
525;0
526;1
527;1
528;0
529;1
530;0
531;1
532;1
533;0
534;0
535;0
536;1
537;0
538;0
539;1
540;0
541;0
542;0
543;1
544;0
545;1
546;0
547;0
548;0
549;0
550;1
551;0
552;1
553;0
554;0
555;0
556;0
557;0
558;0
559;0
560;0
561;1
562;1
563;0
564;0
565;1
566;1
567;0
568;0
569;0
570;1
571;0
572;1
573;0
574;0
575;1
576;0
577;0
578;1
579;0
580;0
581;0
582;1
583;1
584;0
585;0
586;0
587;0
588;0
589;1
590;1
591;0
592;1
593;1
594;1
595;0
596;0
597;0
598;0
599;0
600;1
601;0
602;0
603;1
604;0
605;0
606;1
607;0
608;0
609;1
610;0
611;0
612;1
613;1
614;0
615;1
616;0
617;0
618;1
619;1
620;0
621;0
622;0
623;1
624;1
625;0
626;0
627;0
628;1
629;1
630;1
631;0
632;0
633;1
634;1
635;0
636;1
637;0
638;0
639;1
640;0
641;0
642;1
643;0
644;0
645;0
646;0
647;0
648;0
649;0
650;0
651;1
652;0
653;0
654;0
655;1
656;0
657;1
658;0
659;0
660;0
661;1
662;0
663;0
664;0
665;1
666;0
667;0
668;0
669;1
670;1
671;1
672;1
673;0
674;1
675;0
676;1
677;1
678;0
679;1
680;0
681;0
682;1
683;1
684;1
685;1
686;0
687;0
688;0
689;1
690;1
691;1
692;1
693;0
694;0
695;0
696;0
697;1
698;0
699;0
700;0
701;0
702;1
703;1
704;1
705;0
706;1
707;1
708;1
709;1
710;1
711;1
712;1
713;1
714;1
715;0
716;1
717;0
718;0
719;0
720;0
721;0
722;0
723;0
724;1
725;0
726;0
727;1
728;0
729;0
730;0
731;0
732;0
733;0
734;0
735;0
736;0
737;1
738;0
739;1
740;0
741;1
742;0
743;1
744;1
745;0
746;0
747;1
748;0
749;0
750;0
751;0
752;0
753;1
754;1
755;0
756;1
757;1
758;1
759;1
760;0
761;0
762;0
763;0
764;1
765;0
766;0
767;0
768;1
769;0
770;0
771;0
772;0
773;0
774;0
775;0
776;0
777;1
778;1
779;1
780;0
781;0
782;0
783;1
784;1
785;1
786;0
787;0
788;0
789;0
790;0
791;0
792;1
793;0
794;1
795;1
796;0
797;0
798;1
799;1
800;0
801;0
802;1
803;1
804;0
805;0
806;0
807;1
808;0
809;0
810;1
811;0
812;0
813;1
814;0
815;1
816;0
817;0
818;0
819;0
820;0
821;0
822;0
823;0
824;1
825;1
826;1
827;1
828;1
829;0
830;0
831;0
832;0
833;0
834;1
835;0
836;1
837;0
838;1
839;1
840;0
841;0
842;0
843;1
844;1
845;1
846;0
847;0
848;0
849;1
850;0
851;1
852;0
853;1
854;0
855;0
856;1
857;0
858;1
859;1
860;0
861;1
862;0
863;1
864;0
865;0
866;1
867;1
868;1
869;0
870;1
871;1
872;1
873;1
874;1
875;0
876;0
877;0
878;0
879;0
880;0
881;1
882;0
883;1
884;0
885;1
886;1
887;0
888;1
889;0
890;0
891;0
892;0
893;0
894;1
895;1
896;0
897;1
898;1
899;0
900;0
901;1
902;1
903;1
904;0
905;1
906;1
907;1
908;1
909;1
910;0
911;1
912;0
913;1
914;0
915;0
916;0
917;1
918;0
919;0
920;0
921;1
922;1
923;1
924;0
925;0
926;0
927;0
928;1
929;0
930;0
931;0
932;0
933;0
934;1
935;1
936;0
937;0
938;0
939;1
940;0
941;0
942;0
943;1
944;0
945;1
946;0
947;1
948;0
949;1
950;0
951;1
952;0
953;1
954;0
955;1
956;0
957;0
958;0
959;1
960;1
961;1
962;0
963;1
964;0
965;0
966;1
967;1
968;0
969;0
970;1
971;0
972;0
973;0
974;0
975;1
976;0
977;0
978;0
979;0
980;1
981;1
982;1
983;0
984;0
985;0
986;0
987;0
988;1
989;1
990;1
991;0
992;0
993;1
994;1
995;1
996;0
997;1
998;0
999;1
1000;0
1001;1
1002;1
1003;1
1004;0
1005;1
1006;1
1007;0
1008;1
1009;0
1010;0
1011;1
1012;1
1013;0
1014;1
1015;0
1016;0
1017;0
1018;0
1019;0
1020;1
1021;0
1022;1
1023;0
1024;1
1025;0
1026;1
1027;0
1028;0
1029;0
1030;0
1031;0
1032;0
1033;1
1034;0
1035;0
1036;0
1037;0
1038;0
1039;1
1040;0
1041;0
1042;0
1043;0
1044;1
1045;1
1046;0
1047;1
1048;1
1049;0
1050;1
1051;0
1052;0
1053;1
1054;0
1055;0
1056;1
1057;0
1058;1
1059;1
1060;0
1061;0
1062;0
1063;0
1064;0
1065;1
1066;1
1067;1
1068;0
1069;1
1070;1
1071;0
1072;0
1073;0
1074;0
1075;0
1076;1
1077;0
1078;1
1079;0
1080;1
1081;1
1082;0
1083;0
1084;0
1085;1
1086;1
1087;0
1088;1
1089;0
1090;1
1091;0
1092;1
1093;0
1094;0
1095;1
1096;1
1097;0
1098;0
1099;1
1100;1
1101;0
1102;0
1103;0
1104;0
1105;0
1106;1
1107;0
1108;1
1109;0
1110;1
1111;1
1112;0
1113;1
1114;0
1115;1
1116;0
1117;0
1118;0
1119;0
1120;1
1121;1
1122;0
1123;0
1124;0
1125;1
1126;1
1127;0
1128;0
1129;0
1130;1
1131;1
1132;1
1133;0
1134;0
1135;1
1136;1
1137;0
1138;0
1139;0
1140;1
1141;0
1142;1
1143;0
1144;1
1145;0
1146;0
1147;1
1148;0
1149;1
1150;0
1151;0
1152;1
1153;1
1154;0
1155;1
1156;0
1157;0
1158;0
1159;1
1160;0
1161;0
1162;1
1163;0
1164;0
1165;0
1166;1
1167;0
1168;0
1169;0
1170;0
1171;0
1172;0
1173;1
1174;0
1175;0
1176;1
1177;0
1178;0
1179;0
1180;1
1181;0
1182;1
1183;0
1184;1
1185;0
1186;0
1187;0
1188;0
1189;1
1190;0
1191;0
1192;1
1193;1
1194;0
1195;1
1196;1
1197;0
1198;0
1199;1
1200;0
1201;0
1202;1
1203;0
1204;0
1205;0
1206;1
1207;0
1208;0
1209;1
1210;0
1211;0
1212;1
1213;1
1214;1
1215;0
1216;0
1217;1
1218;0
1219;0
1220;0
1221;1
1222;1
1223;1
1224;0
1225;1
1226;0
1227;0
1228;1
1229;1
1230;0
1231;1
1232;0
1233;0
1234;0
1235;0
1236;0
1237;1
1238;0
1239;1
1240;1
1241;0
1242;0
1243;0
1244;0
1245;0
1246;1
1247;0
1248;0
1249;1
1250;0
1251;0
1252;0
1253;0
1254;0
1255;0
1256;0
1257;0
1258;0
1259;1
1260;0
1261;0
1262;1
1263;0
1264;1
1265;1
1266;0
1267;1
1268;0
1269;0
1270;1
1271;1
1272;0
1273;0
1274;0
1275;0
1276;0
1277;0
1278;0
1279;0
1280;1
1281;0
1282;0
1283;0
1284;1
1285;1
1286;0
1287;1
1288;1
1289;1
1290;1
1291;1
1292;0
1293;0
1294;0
1295;0
1296;0
1297;1
1298;0
1299;0
1300;1
1301;1
1302;1
1303;0
1304;1
1305;0
1306;0
1307;1
1308;0
1309;0
1310;1
1311;0
1312;0
1313;1
1314;0
1315;0
1316;1
1317;1
1318;1
1319;0
1320;0
1321;1
1322;0
1323;1
1324;0
1325;0
1326;1
1327;1
1328;1
1329;0
1330;1
1331;0
1332;0
1333;0
1334;1
1335;1
1336;1
1337;0
1338;1
1339;1
1340;1
1341;0
1342;0
1343;0
1344;0
1345;1
1346;1
1347;0
1348;0
1349;1
1350;0
1351;1
1352;1
1353;1
1354;1
1355;1
1356;0
1357;1
1358;0
1359;1
1360;1
1361;0
1362;1
1363;1
1364;0
1365;0
1366;0
1367;0
1368;0
1369;0
1370;1
1371;0
1372;0
1373;0
1374;1
1375;0
1376;0
1377;1
1378;1
1379;1
1380;0
1381;0
1382;0
1383;0
1384;1
1385;0
1386;0
1387;1
1388;0
1389;0
1390;0
1391;1
1392;0
1393;0
1394;0
1395;1
1396;0
1397;1
1398;0
1399;1
1400;0
1401;1
1402;0
1403;0
1404;1
1405;0
1406;0
1407;1
1408;0
1409;0
1410;0
1411;1
1412;1
1413;0
1414;0
1415;0
1416;0
1417;0
1418;1
1419;0
1420;1
1421;0
1422;0
1423;0
1424;1
1425;0
1426;0
1427;1
1428;0
1429;0
1430;1
1431;0
1432;1
1433;1
1434;0
1435;0
1436;0
1437;0
1438;0
1439;0
1440;1
1441;0
1442;0
1443;1
1444;0
1445;0
1446;0
1447;0
1448;1
1449;0
1450;0
1451;0
1452;0
1453;0
1454;1
1455;1
1456;0
1457;1
1458;0
1459;1
1460;1
1461;0
1462;0
1463;0
1464;1
1465;0
1466;0
1467;1
1468;1
1469;1
1470;1
1471;1
1472;0
1473;0
1474;1
1475;0
1476;0
1477;0
1478;0
1479;1
1480;1
1481;0
1482;0
1483;1
1484;0
1485;0
1486;0
1487;1
1488;0
1489;0
1490;0
1491;0
1492;1
1493;1
1494;0
1495;0
1496;1
1497;0
1498;0
1499;1
1500;0
1501;0
1502;1
1503;1
1504;1
1505;0
1506;0
1507;0
1508;0
1509;0
1510;1
1511;1
1512;0
1513;1
1514;0
1515;0
1516;0
1517;1
1518;0
1519;0
1520;0
1521;0
1522;0
1523;1
1524;0
1525;0
1526;1
1527;0
1528;0
1529;0
1530;0
1531;0
1532;1
1533;0
1534;0
1535;1
1536;1
1537;1
1538;0
1539;0
1540;0
1541;0
1542;0
1543;0
1544;0
1545;0
1546;0
1547;0
1548;1
1549;1
1550;1
1551;1
1552;1
1553;1
1554;0
1555;1
1556;0
1557;0
1558;0
1559;1
1560;0
1561;1
1562;1
1563;0
1564;1
1565;0
1566;0
1567;0
1568;1
1569;0
1570;0
1571;0
1572;0
1573;0
1574;1
1575;1
1576;1
1577;1
1578;1
1579;0
1580;1
1581;1
1582;0
1583;0
1584;0
1585;0
1586;1
1587;1
1588;1
1589;0
1590;1
1591;1
1592;0
1593;1
1594;1
1595;1
1596;0
1597;0
1598;1
1599;1
1600;1
1601;0
1602;1
1603;1
1604;0
1605;0
1606;1
1607;0
1608;1
1609;0
1610;0
1611;1
1612;0
1613;0
1614;0
1615;1
1616;0
1617;1
1618;0
1619;1
1620;1
1621;1
1622;1
1623;1
1624;0
1625;0
1626;1
1627;0
1628;0
1629;0
1630;1
1631;1
1632;0
1633;1
1634;1
1635;1
1636;0
1637;1
1638;1
1639;1
1640;1
1641;1
1642;0
1643;1
1644;1
1645;0
1646;0
1647;0
1648;0
1649;1
1650;0
1651;1
1652;1
1653;0
1654;1
1655;1
1656;0
1657;1
1658;0
1659;0
1660;1
1661;0
1662;0
1663;1
1664;1
1665;0
1666;0
1667;1
1668;0
1669;0
1670;0
1671;0
1672;1
1673;0
1674;1
1675;0
1676;1
1677;0
1678;0
1679;1
1680;0
1681;0
1682;1
1683;0
1684;0
1685;0
1686;1
1687;0
1688;1
1689;0
1690;1
1691;1
1692;1
1693;0
1694;0
1695;0
1696;1
1697;1
1698;1
1699;0
1700;1
1701;1
1702;1
1703;1
1704;0
1705;1
1706;1
1707;1
1708;0
1709;0
1710;1
1711;0
1712;0
1713;1
1714;0
1715;0
1716;1
1717;1
1718;1
1719;0
1720;1
1721;0
1722;0
1723;0
1724;1
1725;0
1726;0
1727;0
1728;1
1729;0
1730;0
1731;0
1732;0
1733;1
1734;1
1735;0
1736;1
1737;0
1738;0
1739;0
1740;0
1741;0
1742;0
1743;0
1744;1
1745;0
1746;0
1747;1
1748;1
1749;1
1750;0
1751;0
1752;1
1753;1
1754;0
1755;0
1756;0
1757;1
1758;0
1759;0
1760;0
1761;1
1762;0
1763;1
1764;1
1765;1
1766;0
1767;1
1768;1
1769;1
1770;1
1771;1
1772;1
1773;0
1774;1
1775;1
1776;0
1777;0
1778;1
1779;1
1780;1
1781;0
1782;1
1783;1
1784;0
1785;1
1786;0
1787;1
1788;1
1789;0
1790;0
1791;0
1792;0
1793;1
1794;0
1795;0
1796;1
1797;1
1798;1
1799;0
1800;0
1801;0
1802;0
1803;1
1804;1
1805;1
1806;1
1807;0
1808;0
1809;0
1810;1
1811;0
1812;0
1813;0
1814;0
1815;0
1816;0
1817;1
1818;0
1819;1
1820;0
1821;1
1822;1
1823;1
1824;0
1825;0
1826;1
1827;1
1828;0
1829;1
1830;0
1831;0
1832;0
1833;1
1834;1
1835;1
1836;1
1837;1
1838;1
1839;1
1840;0
1841;1
1842;1
1843;0
1844;1
1845;0
1846;0
1847;0
1848;0
1849;0
1850;1
1851;1
1852;1
1853;0
1854;0
1855;1
1856;0
1857;0
1858;1
1859;0
1860;0
1861;0
1862;1
1863;0
1864;1
1865;0
1866;0
1867;0
1868;0
1869;0
1870;1
1871;1
1872;1
1873;1
1874;1
1875;0
1876;0
1877;1
1878;0
1879;0
1880;0
1881;0
1882;0
1883;0
1884;0
1885;1
1886;1
1887;0
1888;1
1889;1
1890;1
1891;0
1892;0
1893;0
1894;0
1895;0
1896;0
1897;0
1898;1
1899;1
1900;1
1901;0
1902;1
1903;0
1904;1
1905;0
1906;0
1907;0
1908;0
1909;1
1910;0
1911;0
1912;1
1913;1
1914;1
1915;0
1916;0
1917;1
1918;1
1919;1
1920;1
1921;1
1922;0
1923;1
1924;0
1925;1
1926;1
1927;1
1928;0
1929;0
1930;0
1931;0
1932;1
1933;1
1934;0
1935;0
1936;0
1937;0
1938;0
1939;0
1940;0
1941;0
1942;0
1943;1
1944;1
1945;1
1946;0
1947;1
1948;1
1949;0
1950;1
1951;1
1952;1
1953;0
1954;0
1955;0
1956;0
1957;0
1958;1
1959;0
1960;0
1961;0
1962;1
1963;1
1964;1
1965;0
1966;0
1967;1
1968;1
1969;1
1970;1
1971;1
1972;1
1973;1
1974;0
1975;0
1976;0
1977;1
1978;0
1979;1
1980;0
1981;1
1982;0
1983;0
1984;0
1985;0
1986;1
1987;1
1988;0
1989;1
1990;0
1991;0
1992;0
1993;0
1994;0
1995;0
1996;0
1997;1
1998;1
1999;0
2000;1
2001;0
2002;0
2003;0
2004;1
2005;0
2006;0
2007;0
2008;1
2009;0
2010;0
2011;1
2012;1
2013;1
2014;0
2015;1
2016;1
2017;0
2018;1
2019;0
2020;1
2021;1
2022;0
2023;1
2024;1
2025;1
2026;0
2027;1
2028;1
2029;0
2030;1
2031;0
2032;0
2033;1
2034;0
2035;0
2036;0
2037;0
2038;1
2039;1
2040;1
2041;0
2042;0
2043;0
2044;1
2045;0
2046;0
2047;1
2048;1
2049;1
2050;0
2051;0
2052;0
2053;1
2054;0
2055;0
2056;0
2057;0
2058;0
2059;1
2060;1
2061;1
2062;1
2063;1
2064;1
2065;1
2066;1
2067;0
2068;0
2069;0
2070;1
2071;0
2072;1
2073;1
2074;0
2075;0
2076;1
2077;0
2078;0
2079;0
2080;1
2081;0
2082;1
2083;0
2084;0
2085;1
2086;0
2087;0
2088;1
2089;0
2090;1
2091;0
2092;0
2093;1
2094;1
2095;1
2096;1
2097;1
2098;0
2099;0
2100;0
2101;1
2102;0
2103;0
2104;0
2105;0
2106;0
2107;0
2108;0
2109;1
2110;0
2111;1
2112;1
2113;0
2114;0
2115;0
2116;1
2117;1
2118;0
2119;0
2120;1
2121;1
2122;1
2123;0
2124;0
2125;1
2126;1
2127;1
2128;0
2129;1
2130;1
2131;0
2132;1
2133;0
2134;1
2135;1
2136;1
2137;0
2138;1
2139;0
2140;1
2141;0
2142;0
2143;0
2144;0
2145;1
2146;1
2147;1
2148;0
2149;1
2150;0
2151;0
2152;0
2153;0
2154;0
2155;1
2156;0
2157;0
2158;1
2159;0
2160;0
2161;0
2162;0
2163;1
2164;1
2165;0
2166;1
2167;1
2168;0
2169;0
2170;0
2171;0
2172;1
2173;1
2174;1
2175;1
2176;1
2177;0
2178;0
2179;0
2180;1
2181;1
2182;0
2183;1
2184;0
2185;1
2186;0
2187;1
2188;0
2189;1
2190;1
2191;1
2192;1
2193;1
2194;0
2195;0
2196;0
2197;0
2198;1
2199;0
2200;0
2201;0
2202;1
2203;1
2204;1
2205;0
2206;0
2207;1
2208;0
2209;0
2210;1
2211;0
2212;0
2213;0
2214;0
2215;0
2216;1
2217;0
2218;0
2219;1
2220;0
2221;1
2222;1
2223;0
2224;0
2225;1
2226;1
2227;0
2228;0
2229;1
2230;1
2231;0
2232;1
2233;1
2234;1
2235;1
2236;0
2237;0
2238;0
2239;1
2240;1
2241;0
2242;1
2243;0
2244;1
2245;0
2246;1
2247;1
2248;1
2249;0
2250;0
2251;1
2252;0
2253;0
2254;0
2255;0
2256;0
2257;1
2258;0
2259;0
2260;0
2261;0
2262;0
2263;1
2264;0
2265;1
2266;0
2267;0
2268;0
2269;0
2270;1
2271;1
2272;1
2273;1
2274;0
2275;0
2276;0
2277;1
2278;0
2279;1
2280;1
2281;0
2282;0
2283;0
2284;0
2285;1
2286;0
2287;0
2288;0
2289;0
2290;1
2291;0
2292;0
2293;0
2294;0
2295;0
2296;0
2297;0
2298;0
2299;1
2300;0
2301;0
2302;1
2303;1
2304;0
2305;0
2306;1
2307;0
2308;1
2309;1
2310;1
2311;0
2312;0
2313;1
2314;0
2315;0
2316;0
2317;1
2318;0
2319;1
2320;0
2321;1
2322;0
2323;0
2324;0
2325;1
2326;1
2327;0
2328;0
2329;1
2330;0
2331;1
2332;0
2333;0
2334;0
2335;0
2336;1
2337;0
2338;0
2339;1
2340;0
2341;1
2342;1
2343;1
2344;1
2345;0
2346;1
2347;1
2348;0
2349;0
2350;1
2351;0
2352;1
2353;1
2354;1
2355;0
2356;0
2357;1
2358;0
2359;1
2360;0
2361;0
2362;0
2363;1
2364;0
2365;1
2366;1
2367;0
2368;0
2369;0
2370;0
2371;1
2372;1
2373;0
2374;1
2375;0
2376;0
2377;1
2378;1
2379;0
2380;0
2381;1
2382;1
2383;0
2384;0
2385;0
2386;1
2387;1
2388;0
2389;0
2390;0
2391;1
2392;1
2393;0
2394;0
2395;0
2396;1
2397;1
2398;0
2399;0
2400;1
2401;1
2402;0
2403;0
2404;0
2405;0
2406;1
2407;0
2408;1
2409;0
2410;1
2411;1
2412;0
2413;1
2414;1
2415;1
2416;1
2417;0
2418;0
2419;0
2420;1
2421;1
2422;0
2423;1
2424;1
2425;0
2426;0
2427;0
2428;1
2429;1
2430;0
2431;1
2432;0
2433;1
2434;0
2435;1
2436;1
2437;1
2438;1
2439;0
2440;0
2441;1
2442;0
2443;1
2444;1
2445;1
2446;1
2447;0
2448;0
2449;1
2450;1
2451;0
2452;1
2453;0
2454;0
2455;1
2456;0
2457;1
2458;1
2459;0
2460;1
2461;1
2462;1
2463;0
2464;1
2465;1
2466;0
2467;1
2468;0
2469;0
2470;1
2471;0
2472;1
2473;0
2474;0
2475;1
2476;1
2477;1
2478;1
2479;0
2480;1
2481;1
2482;1
2483;1
2484;0
2485;1
2486;0
2487;0
2488;0
2489;1
2490;1
2491;1
2492;1
2493;1
2494;0
2495;1
2496;0
2497;0
2498;0
2499;0
2500;1
2501;0
2502;1
2503;0
2504;1
2505;0
2506;1
2507;1
2508;0
2509;1
2510;0
2511;1
2512;1
2513;0
2514;0
2515;0
2516;0
2517;1
2518;0
2519;1
2520;1
2521;1
2522;1
2523;1
2524;1
2525;0
2526;1
2527;1
2528;0
2529;0
2530;1
2531;1
2532;1
2533;1
2534;1
2535;1
2536;0
2537;1
2538;1
2539;0
2540;0
2541;1
2542;1
2543;1
2544;0
2545;1
2546;0
2547;0
2548;1
2549;0
2550;0
2551;0
2552;0
2553;0
2554;1
2555;0
2556;1
2557;1
2558;0
2559;0
2560;1
2561;0
2562;0
2563;1
2564;1
2565;1
2566;1
2567;1
2568;0
2569;0
2570;0
2571;1
2572;1
2573;0
2574;0
2575;0
2576;1
2577;0
2578;1
2579;1
2580;1
2581;0
2582;1
2583;1
2584;1
2585;0
2586;1
2587;1
2588;1
2589;1
2590;1
2591;0
2592;1
2593;0
2594;0
2595;0
2596;1
2597;1
2598;1
2599;0
2600;0
2601;1
2602;0
2603;0
2604;0
2605;0
2606;1
2607;1
2608;0
2609;0
2610;1
2611;1
2612;0
2613;1
2614;0
2615;1
2616;0
2617;0
2618;0
2619;1
2620;1
2621;0
2622;1
2623;0
2624;0
2625;1
2626;0
2627;0
2628;1
2629;0
2630;1
2631;1
2632;0
2633;1
2634;0
2635;1
2636;1
2637;0
2638;0
2639;0
2640;1
2641;1
2642;1
2643;1
2644;1
2645;1
2646;1
2647;1
2648;0
2649;0
2650;0
2651;1
2652;1
2653;1
2654;1
2655;1
2656;1
2657;0
2658;0
2659;0
2660;1
2661;1
2662;1
2663;1
2664;1
2665;1
2666;0
2667;0
2668;1
2669;0
2670;1
2671;1
2672;1
2673;0
2674;0
2675;1
2676;0
2677;0
2678;0
2679;1
2680;0
2681;0
2682;1
2683;1
2684;0
2685;1
2686;1
2687;0
2688;0
2689;0
2690;1
2691;0
2692;1
2693;1
2694;1
2695;0
2696;0
2697;0
2698;1
2699;1
2700;1
2701;0
2702;1
2703;1
2704;1
2705;1
2706;1
2707;0
2708;0
2709;0
2710;1
2711;0
2712;1
2713;1
2714;1
2715;0
2716;1
2717;0
2718;0
2719;1
2720;0
2721;1
2722;0
2723;1
2724;1
2725;1
2726;0
2727;0
2728;1
2729;1
2730;0
2731;0
2732;0
2733;0
2734;1
2735;1
2736;1
2737;0
2738;1
2739;0
2740;0
2741;1
2742;0
2743;0
2744;0
2745;0
2746;1
2747;0
2748;0
2749;1
2750;1
2751;1
2752;0
2753;0
2754;0
2755;1
2756;0
2757;1
2758;0
2759;1
2760;0
2761;1
2762;0
2763;1
2764;1
2765;1
2766;0
2767;0
2768;0
2769;0
2770;1
2771;0
2772;1
2773;1
2774;1
2775;1
2776;1
2777;1
2778;0
2779;0
2780;0
2781;0
2782;0
2783;0
2784;0
2785;1
2786;1
2787;1
2788;0
2789;0
2790;0
2791;1
2792;0
2793;0
2794;0
2795;0
2796;1
2797;0
2798;1
2799;1
2800;1
2801;1
2802;1
2803;1
2804;1
2805;1
2806;1
2807;0
2808;0
2809;1
2810;1
2811;1
2812;0
2813;1
2814;0
2815;0
2816;0
2817;0
2818;0
2819;1
2820;1
2821;0
2822;0
2823;0
2824;1
2825;0
2826;0
2827;0
2828;0
2829;1
2830;1
2831;1
2832;1
2833;1
2834;0
2835;0
2836;0
2837;0
2838;0
2839;1
2840;0
2841;0
2842;1
2843;0
2844;0
2845;1
2846;1
2847;1
2848;0
2849;0
2850;1
2851;0
2852;0
2853;0
2854;1
2855;0
2856;0
2857;0
2858;0
2859;0
2860;0
2861;0
2862;1
2863;1
2864;1
2865;1
2866;1
2867;1
2868;1
2869;0
2870;0
2871;0
2872;1
2873;0
2874;1
2875;0
2876;1
2877;1
2878;0
2879;1
2880;0
2881;1
2882;0
2883;1
2884;1
2885;1
2886;1
2887;1
2888;1
2889;0
2890;1
2891;0
2892;1
2893;0
2894;0
2895;1
2896;1
2897;0
2898;1
2899;0
2900;0
2901;0
2902;1
2903;1
2904;1
2905;1
2906;1
2907;1
2908;0
2909;1
2910;0
2911;0
2912;0
2913;0
2914;1
2915;0
2916;0
2917;0
2918;0
2919;1
2920;1
2921;1
2922;0
2923;1
2924;0
2925;0
2926;0
2927;1
2928;0
2929;1
2930;1
2931;1
2932;0
2933;1
2934;1
2935;1
2936;0
2937;0
2938;0
2939;0
2940;1
2941;0
2942;0
2943;0
2944;0
2945;1
2946;1
2947;0
2948;1
2949;0
2950;1
2951;1
2952;1
2953;1
2954;1
2955;1
2956;0
2957;0
2958;0
2959;0
2960;0
2961;1
2962;1
2963;0
2964;0
2965;0
2966;1
2967;0
2968;1
2969;0
2970;0
2971;1
2972;0
2973;0
2974;1
2975;1
2976;0
2977;0
2978;0
2979;1
2980;0
2981;1
2982;1
2983;0
2984;0
2985;1
2986;0
2987;1
2988;1
2989;1
2990;0
2991;0
2992;1
2993;0
2994;1
2995;0
2996;0
2997;0
2998;1
2999;1
3000;0
3001;0
3002;0
3003;1
3004;1
3005;1
3006;1
3007;1
3008;1
3009;0
3010;0
3011;0
3012;0
3013;1
3014;1
3015;0
3016;0
3017;0
3018;1
3019;0
3020;0
3021;1
3022;0
3023;1
3024;1
3025;0
3026;0
3027;0
3028;1
3029;0
3030;0
3031;1
3032;0
3033;1
3034;1
3035;1
3036;0
3037;1
3038;0
3039;0
3040;0
3041;0
3042;0
3043;1
3044;0
3045;0
3046;1
3047;0
3048;1
3049;0
3050;1
3051;0
3052;0
3053;1
3054;1
3055;1
3056;0
3057;0
3058;0
3059;0
3060;1
3061;1
3062;0
3063;0
3064;1
3065;0
3066;0
3067;1
3068;0
3069;0
3070;0
3071;0
3072;0
3073;1
3074;0
3075;1
3076;1
3077;1
3078;1
3079;1
3080;0
3081;1
3082;1
3083;1
3084;1
3085;0
3086;0
3087;1
3088;0
3089;1
3090;1
3091;1
3092;0
3093;0
3094;1
3095;1
3096;1
3097;0
3098;0
3099;1
3100;0
3101;0
3102;1
3103;0
3104;0
3105;1
3106;0
3107;0
3108;0
3109;1
3110;1
3111;0
3112;0
3113;0
3114;1
3115;1
3116;1
3117;0
3118;0
3119;1
3120;1
3121;0
3122;0
3123;0
3124;1
3125;1
3126;1
3127;0
3128;1
3129;0
3130;0
3131;1
3132;1
3133;0
3134;0
3135;1
3136;0
3137;1
3138;0
3139;1
3140;0
3141;1
3142;0
3143;0
3144;0
3145;1
3146;0
3147;1
3148;1
3149;0
3150;1
3151;1
3152;0
3153;1
3154;0
3155;1
3156;1
3157;0
3158;1
3159;1
3160;1
3161;0
3162;0
3163;1
3164;1
3165;0
3166;0
3167;1
3168;1
3169;1
3170;1
3171;1
3172;1
3173;1
3174;1
3175;1
3176;0
3177;1
3178;0
3179;0
3180;0
3181;0
3182;0
3183;0
3184;1
3185;0
3186;1
3187;0
3188;1
3189;0
3190;0
3191;0
3192;0
3193;1
3194;1
3195;0
3196;1
3197;0
3198;1
3199;0
3200;1
3201;0
3202;0
3203;1
3204;1
3205;1
3206;0
3207;1
3208;1
3209;1
3210;0
3211;1
3212;0
3213;1
3214;1
3215;1
3216;1
3217;1
3218;1
3219;0
3220;0
3221;1
3222;0
3223;1
3224;0
3225;0
3226;1
3227;0
3228;1
3229;0
3230;1
3231;1
3232;0
3233;0
3234;1
3235;0
3236;0
3237;0
3238;0
3239;1
3240;0
3241;1
3242;1
3243;0
3244;1
3245;0
3246;1
3247;1
3248;0
3249;1
3250;0
3251;1
3252;1
3253;1
3254;0
3255;0
3256;0
3257;1
3258;1
3259;0
3260;0
3261;1
3262;1
3263;1
3264;1
3265;0
3266;1
3267;0
3268;1
3269;0
3270;0
3271;0
3272;0
3273;0
3274;1
3275;0
3276;1
3277;1
3278;1
3279;0
3280;0
3281;1
3282;0
3283;1
3284;1
3285;1
3286;0
3287;1
3288;1
3289;1
3290;0
3291;1
3292;0
3293;1
3294;0
3295;0
3296;1
3297;1
3298;0
3299;1
3300;1
3301;1
3302;0
3303;0
3304;0
3305;0
3306;0
3307;0
3308;0
3309;1
3310;1
3311;1
3312;1
3313;0
3314;0
3315;1
3316;0
3317;0
3318;1
3319;1
3320;1
3321;1
3322;0
3323;1
3324;1
3325;1
3326;1
3327;0
3328;1
3329;1
3330;1
3331;1
3332;0
3333;1
3334;0
3335;1
3336;0
3337;1
3338;0
3339;0
3340;1
3341;1
3342;0
3343;0
3344;0
3345;1
3346;1
3347;0
3348;1
3349;1
3350;0
3351;1
3352;1
3353;0
3354;0
3355;0
3356;1
3357;0
3358;1
3359;1
3360;0
3361;0
3362;0
3363;0
3364;0
3365;1
3366;1
3367;0
3368;0
3369;0
3370;0
3371;1
3372;1
3373;1
3374;0
3375;0
3376;1
3377;1
3378;0
3379;1
3380;0
3381;0
3382;0
3383;1
3384;1
3385;0
3386;1
3387;0
3388;1
3389;0
3390;1
3391;1
3392;0
3393;1
3394;1
3395;0
3396;0
3397;1
3398;1
3399;0
3400;0
3401;1
3402;1
3403;0
3404;0
3405;1
3406;0
3407;0
3408;1
3409;0
3410;1
3411;0
3412;0
3413;1
3414;1
3415;0
3416;0
3417;1
3418;1
3419;1
3420;0
3421;1
3422;1
3423;0
3424;0
3425;1
3426;0
3427;0
3428;0
3429;1
3430;0
3431;0
3432;1
3433;1
3434;1
3435;0
3436;0
3437;1
3438;1
3439;1
3440;0
3441;0
3442;1
3443;0
3444;1
3445;1
3446;0
3447;0
3448;0
3449;0
3450;0
3451;0
3452;1
3453;1
3454;0
3455;1
3456;0
3457;0
3458;0
3459;1
3460;1
3461;1
3462;1
3463;1
3464;1
3465;1
3466;1
3467;0
3468;0
3469;1
3470;0
3471;0
3472;1
3473;0
3474;0
3475;1
3476;1
3477;0
3478;0
3479;1
3480;0
3481;1
3482;1
3483;0
3484;0
3485;1
3486;0
3487;1
3488;1
3489;0
3490;1
3491;1
3492;0
3493;1
3494;0
3495;0
3496;0
3497;1
3498;0
3499;0
3500;1
3501;1
3502;0
3503;1
3504;0
3505;0
3506;0
3507;0
3508;0
3509;1
3510;1
3511;0
3512;1
3513;1
3514;0
3515;1
3516;1
3517;1
3518;0
3519;0
3520;0
3521;0
3522;1
3523;0
3524;1
3525;1
3526;1
3527;1
3528;1
3529;1
3530;0
3531;1
3532;0
3533;0
3534;1
3535;0
3536;0
3537;1
3538;0
3539;0
3540;0
3541;1
3542;1
3543;0
3544;1
3545;1
3546;1
3547;1
3548;1
3549;1
3550;1
3551;0
3552;0
3553;0
3554;0
3555;0
3556;1
3557;1
3558;0
3559;0
3560;0
3561;1
3562;1
3563;0
3564;0
3565;0
3566;0
3567;1
3568;1
3569;1
3570;1
3571;0
3572;1
3573;0
3574;0
3575;0
3576;1
3577;1
3578;1
3579;1
3580;1
3581;0
3582;0
3583;1
3584;1
3585;1
3586;0
3587;1
3588;0
3589;0
3590;0
3591;0
3592;0
3593;0
3594;1
3595;1
3596;1
3597;0
3598;0
3599;0
3600;1
3601;1
3602;1
3603;1
3604;0
3605;1
3606;1
3607;1
3608;0
3609;1
3610;0
3611;1
3612;0
3613;1
3614;0
3615;0
3616;1
3617;0
3618;1
3619;0
3620;1
3621;1
3622;0
3623;0
3624;1
3625;1
3626;1
3627;0
3628;0
3629;1
3630;1
3631;0
3632;1
3633;0
3634;0
3635;1
3636;1
3637;0
3638;0
3639;0
3640;1
3641;1
3642;0
3643;1
3644;1
3645;1
3646;1
3647;1
3648;1
3649;1
3650;1
3651;0
3652;1
3653;0
3654;0
3655;0
3656;0
3657;0
3658;0
3659;1
3660;0
3661;1
3662;1
3663;1
3664;0
3665;1
3666;1
3667;0
3668;0
3669;1
3670;1
3671;0
3672;0
3673;1
3674;1
3675;0
3676;0
3677;0
3678;1
3679;1
3680;0
3681;1
3682;1
3683;0
3684;1
3685;0
3686;0
3687;0
3688;1
3689;0
3690;1
3691;0
3692;1
3693;0
3694;1
3695;0
3696;1
3697;0
3698;1
3699;1
3700;0
3701;0
3702;1
3703;0
3704;0
3705;1
3706;1
3707;0
3708;0
3709;0
3710;1
3711;1
3712;0
3713;0
3714;0
3715;0
3716;1
3717;0
3718;0
3719;1
3720;0
3721;1
3722;0
3723;0
3724;1
3725;1
3726;1
3727;0
3728;1
3729;1
3730;0
3731;0
3732;1
3733;1
3734;1
3735;0
3736;0
3737;1
3738;0
3739;1
3740;0
3741;1
3742;1
3743;1
3744;0
3745;0
3746;1
3747;0
3748;1
3749;0
3750;0
3751;0
3752;0
3753;1
3754;0
3755;0
3756;0
3757;1
3758;0
3759;1
3760;1
3761;1
3762;0
3763;1
3764;1
3765;1
3766;1
3767;1
3768;1
3769;1
3770;1
3771;1
3772;0
3773;1
3774;1
3775;0
3776;1
3777;1
3778;0
3779;1
3780;0
3781;0
3782;1
3783;1
3784;0
3785;0
3786;0
3787;1
3788;0
3789;0
3790;1
3791;0
3792;0
3793;0
3794;0
3795;1
3796;1
3797;1
3798;0
3799;1
3800;1
3801;0
3802;1
3803;1
3804;1
3805;1
3806;0
3807;0
3808;0
3809;0
3810;1
3811;0
3812;1
3813;0
3814;1
3815;0
3816;1
3817;1
3818;1
3819;1
3820;1
3821;1
3822;1
3823;1
3824;1
3825;0
3826;0
3827;1
3828;0
3829;1
3830;0
3831;1
3832;1
3833;1
3834;0
3835;1
3836;1
3837;1
3838;0
3839;1
3840;1
3841;0
3842;0
3843;1
3844;1
3845;1
3846;1
3847;1
3848;0
3849;1
3850;1
3851;1
3852;0
3853;1
3854;1
3855;1
3856;1
3857;0
3858;0
3859;0
3860;0
3861;0
3862;0
3863;1
3864;1
3865;0
3866;0
3867;1
3868;1
3869;1
3870;1
3871;1
3872;1
3873;0
3874;1
3875;1
3876;1
3877;0
3878;0
3879;1
3880;0
3881;0
3882;1
3883;1
3884;1
3885;1
3886;0
3887;0
3888;0
3889;0
3890;1
3891;0
3892;0
3893;0
3894;0
3895;1
3896;1
3897;0
3898;1
3899;1
3900;1
3901;1
3902;0
3903;1
3904;0
3905;1
3906;0
3907;1
3908;1
3909;1
3910;0
3911;1
3912;0
3913;0
3914;0
3915;1
3916;1
3917;1
3918;0
3919;1
3920;0
3921;0
3922;1
3923;1
3924;0
3925;1
3926;0
3927;0
3928;0
3929;0
3930;1
3931;0
3932;1
3933;0
3934;1
3935;0
3936;0
3937;0
3938;0
3939;1
3940;1
3941;1
3942;1
3943;0
3944;0
3945;1
3946;1
3947;1
3948;1
3949;1
3950;0
3951;1
3952;0
3953;0
3954;1
3955;1
3956;0
3957;0
3958;1
3959;0
3960;1
3961;1
3962;1
3963;0
3964;0
3965;0
3966;1
3967;1
3968;1
3969;0
3970;1
3971;1
3972;1
3973;0
3974;1
3975;0
3976;1
3977;1
3978;1
3979;1
3980;1
3981;1
3982;1
3983;0
3984;0
3985;1
3986;0
3987;1
3988;1
3989;0
3990;1
3991;1
3992;1
3993;1
3994;1
3995;0
3996;1
3997;1
3998;1
3999;1
4000;1
4001;1
4002;1
4003;0
4004;1
4005;1
4006;1
4007;1
4008;0
4009;0
4010;0
4011;1
4012;1
4013;0
4014;1
4015;1
4016;1
4017;1
4018;1
4019;0
4020;1
4021;1
4022;1
4023;1
4024;0
4025;0
4026;0
4027;0
4028;0
4029;0
4030;1
4031;1
4032;1
4033;0
4034;0
4035;1
4036;0
4037;0
4038;0
4039;1
4040;1
4041;1
4042;1
4043;1
4044;0
4045;1
4046;0
4047;0
4048;1
4049;1
4050;0
4051;0
4052;0
4053;0
4054;0
4055;1
4056;0
4057;1
4058;1
4059;1
4060;1
4061;0
4062;0
4063;1
4064;0
4065;0
4066;0
4067;1
4068;0
4069;0
4070;0
4071;1
4072;0
4073;1
4074;1
4075;0
4076;1
4077;1
4078;1
4079;0
4080;1
4081;1
4082;1
4083;1
4084;1
4085;1
4086;1
4087;1
4088;1
4089;0
4090;0
4091;1
4092;0
4093;1
4094;0
4095;0
4096;0
4097;1
4098;0
4099;1
4100;1
4101;1
4102;0
4103;1
4104;1
4105;1
4106;0
4107;0
4108;0
4109;0
4110;0
4111;0
4112;1
4113;0
4114;1
4115;0
4116;1
4117;1
4118;1
4119;1
4120;1
4121;1
4122;0
4123;1
4124;0
4125;1
4126;0
4127;0
4128;0
4129;1
4130;1
4131;1
4132;1
4133;0
4134;1
4135;1
4136;0
4137;0
4138;0
4139;1
4140;0
4141;1
4142;1
4143;1
4144;1
4145;1
4146;0
4147;1
4148;0
4149;0
4150;1
4151;1
4152;1
4153;0
4154;1
4155;1
4156;1
4157;0
4158;0
4159;1
4160;0
4161;1
4162;1
4163;0
4164;1
4165;1
4166;1
4167;1
4168;1
4169;1
4170;1
4171;1
4172;1
4173;0
4174;0
4175;0
4176;1
4177;1
4178;0
4179;0
4180;1
4181;0
4182;0
4183;0
4184;0
4185;1
4186;0
4187;0
4188;0
4189;1
4190;1
4191;1
4192;1
4193;1
4194;0
4195;0
4196;1
4197;1
4198;1
4199;0
4200;1
4201;1
4202;0
4203;0
4204;1
4205;1
4206;0
4207;1
4208;1
4209;1
4210;1
4211;1
4212;0
4213;0
4214;1
4215;0
4216;1
4217;0
4218;0
4219;0
4220;0
4221;0
4222;0
4223;0
4224;1
4225;0
4226;1
4227;1
4228;1
4229;1
4230;1
4231;1
4232;0
4233;0
4234;0
4235;0
4236;1
4237;1
4238;1
4239;0
4240;1
4241;0
4242;1
4243;0
4244;1
4245;1
4246;0
4247;1
4248;0
4249;0
4250;1
4251;0
4252;0
4253;1
4254;0
4255;0
4256;1
4257;0
4258;1
4259;0
4260;1
4261;0
4262;1
4263;1
4264;0
4265;1
4266;0
4267;0
4268;0
4269;1
4270;0
4271;1
4272;0
4273;0
4274;1
4275;0
4276;1
4277;1
4278;0
4279;0
4280;1
4281;0
4282;0
4283;0
4284;1
4285;0
4286;1
4287;1
4288;0
4289;1
4290;0
4291;1
4292;0
4293;1
4294;1
4295;1
4296;0
4297;0
4298;1
4299;1
4300;1
4301;1
4302;0
4303;1
4304;1
4305;1
4306;1
4307;1
4308;1
4309;1
4310;1
4311;1
4312;0
4313;1
4314;0
4315;1
4316;1
4317;1
4318;1
4319;1
4320;0
4321;1
4322;1
4323;1
4324;1
4325;0
4326;1
4327;1
4328;1
4329;1
4330;0
4331;1
4332;1
4333;1
4334;1
4335;1
4336;1
4337;1
4338;1
4339;0
4340;1
4341;1
4342;0
4343;0
4344;1
4345;1
4346;0
4347;0
4348;0
4349;0
4350;0
4351;1
4352;0
4353;0
4354;1
4355;1
4356;1
4357;0
4358;0
4359;1
4360;0
4361;1
4362;1
4363;1
4364;0
4365;1
4366;0
4367;1
4368;1
4369;1
4370;0
4371;0
4372;0
4373;0
4374;1
4375;1
4376;0
4377;1
4378;1
4379;1
4380;1
4381;1
4382;0
4383;0
4384;0
4385;1
4386;1
4387;0
4388;1
4389;1
4390;1
4391;0
4392;0
4393;1
4394;0
4395;1
4396;0
4397;0
4398;0
4399;0
4400;0
4401;1
4402;1
4403;0
4404;0
4405;1
4406;0
4407;1
4408;1
4409;0
4410;1
4411;1
4412;1
4413;1
4414;0
4415;0
4416;0
4417;0
4418;1
4419;1
4420;1
4421;1
4422;0
4423;1
4424;0
4425;1
4426;0
4427;1
4428;1
4429;1
4430;0
4431;1
4432;0
4433;0
4434;0
4435;1
4436;1
4437;1
4438;0
4439;1
4440;1
4441;1
4442;1
4443;1
4444;1
4445;0
4446;0
4447;1
4448;1
4449;1
4450;0
4451;1
4452;1
4453;1
4454;0
4455;1
4456;0
4457;1
4458;0
4459;1
4460;0
4461;0
4462;1
4463;0
4464;0
4465;1
4466;1
4467;0
4468;1
4469;1
4470;1
4471;1
4472;0
4473;1
4474;0
4475;0
4476;0
4477;1
4478;1
4479;1
4480;0
4481;1
4482;1
4483;1
4484;1
4485;0
4486;1
4487;1
4488;1
4489;1
4490;1
4491;1
4492;1
4493;1
4494;0
4495;0
4496;0
4497;0
4498;0
4499;0
4500;1
4501;1
4502;0
4503;1
4504;0
4505;1
4506;1
4507;1
4508;1
4509;1
4510;0
4511;0
4512;0
4513;1
4514;1
4515;1
4516;0
4517;1
4518;0
4519;0
4520;0
4521;1
4522;1
4523;1
4524;1
4525;0
4526;0
4527;0
4528;1
4529;1
4530;0
4531;0
4532;1
4533;0
4534;0
4535;1
4536;1
4537;1
4538;1
4539;1
4540;1
4541;1
4542;1
4543;1
4544;0
4545;1
4546;0
4547;0
4548;0
4549;0
4550;1
4551;0
4552;1
4553;0
4554;1
4555;1
4556;0
4557;1
4558;0
4559;1
4560;0
4561;1
4562;0
4563;1
4564;1
4565;0
4566;1
4567;0
4568;1
4569;0
4570;0
4571;1
4572;1
4573;1
4574;0
4575;1
4576;0
4577;1
4578;1
4579;1
4580;0
4581;1
4582;1
4583;1
4584;1
4585;1
4586;0
4587;0
4588;1
4589;0
4590;0
4591;0
4592;0
4593;1
4594;1
4595;0
4596;1
4597;0
4598;1
4599;1
4600;0
4601;1
4602;0
4603;1
4604;1
4605;0
4606;1
4607;0
4608;1
4609;1
4610;0
4611;1
4612;0
4613;0
4614;0
4615;1
4616;0
4617;0
4618;0
4619;0
4620;1
4621;1
4622;1
4623;1
4624;0
4625;1
4626;1
4627;1
4628;1
4629;1
4630;0
4631;0
4632;0
4633;1
4634;1
4635;0
4636;1
4637;1
4638;0
4639;1
4640;1
4641;0
4642;0
4643;1
4644;1
4645;0
4646;1
4647;0
4648;0
4649;0
4650;1
4651;1
4652;0
4653;0
4654;0
4655;1
4656;0
4657;1
4658;0
4659;1
4660;0
4661;1
4662;1
4663;0
4664;0
4665;0
4666;0
4667;1
4668;1
4669;0
4670;0
4671;0
4672;0
4673;0
4674;1
4675;0
4676;1
4677;1
4678;0
4679;1
4680;0
4681;0
4682;1
4683;1
4684;0
4685;1
4686;1
4687;1
4688;1
4689;1
4690;1
4691;1
4692;1
4693;0
4694;1
4695;0
4696;1
4697;1
4698;0
4699;1
4700;1
4701;1
4702;0
4703;1
4704;1
4705;1
4706;1
4707;1
4708;1
4709;1
4710;1
4711;1
4712;0
4713;1
4714;1
4715;0
4716;1
4717;0
4718;1
4719;1
4720;0
4721;1
4722;0
4723;1
4724;0
4725;1
4726;1
4727;1
4728;0
4729;1
4730;1
4731;0
4732;1
4733;1
4734;1
4735;0
4736;0
4737;0
4738;0
4739;1
4740;1
4741;0
4742;1
4743;1
4744;1
4745;0
4746;0
4747;1
4748;1
4749;1
4750;1
4751;1
4752;1
4753;0
4754;1
4755;1
4756;0
4757;1
4758;1
4759;0
4760;0
4761;1
4762;1
4763;0
4764;1
4765;1
4766;0
4767;1
4768;0
4769;0
4770;0
4771;1
4772;1
4773;0
4774;1
4775;1
4776;0
4777;1
4778;0
4779;1
4780;1
4781;0
4782;1
4783;1
4784;0
4785;1
4786;1
4787;0
4788;1
4789;0
4790;0
4791;1
4792;1
4793;0
4794;1
4795;1
4796;0
4797;0
4798;0
4799;1
4800;0
4801;1
4802;0
4803;0
4804;1
4805;0
4806;1
4807;0
4808;0
4809;0
4810;1
4811;0
4812;1
4813;0
4814;0
4815;1
4816;0
4817;0
4818;0
4819;1
4820;1
4821;0
4822;1
4823;1
4824;0
4825;1
4826;0
4827;1
4828;0
4829;0
4830;1
4831;0
4832;1
4833;0
4834;0
4835;1
4836;0
4837;0
4838;1
4839;1
4840;1
4841;0
4842;1
4843;0
4844;1
4845;1
4846;0
4847;1
4848;0
4849;1
4850;1
4851;0
4852;0
4853;1
4854;0
4855;0
4856;1
4857;1
4858;0
4859;1
4860;0
4861;1
4862;1
4863;1
4864;1
4865;1
4866;0
4867;1
4868;0
4869;1
4870;1
4871;0
4872;0
4873;0
4874;0
4875;1
4876;1
4877;1
4878;1
4879;0
4880;1
4881;1
4882;1
4883;0
4884;1
4885;0
4886;0
4887;1
4888;1
4889;0
4890;0
4891;0
4892;0
4893;0
4894;0
4895;1
4896;1
4897;0
4898;0
4899;1
4900;1
4901;1
4902;0
4903;0
4904;1
4905;0
4906;1
4907;1
4908;1
4909;0
4910;0
4911;1
4912;0
4913;0
4914;1
4915;1
4916;1
4917;0
4918;0
4919;1
4920;1
4921;1
4922;0
4923;1
4924;0
4925;1
4926;1
4927;1
4928;1
4929;0
4930;0
4931;0
4932;0
4933;1
4934;1
4935;1
4936;1
4937;0
4938;0
4939;0
4940;0
4941;0
4942;1
4943;0
4944;1
4945;1
4946;0
4947;0
4948;1
4949;0
4950;1
4951;0
4952;1
4953;0
4954;1
4955;0
4956;0
4957;0
4958;0
4959;1
4960;1
4961;0
4962;1
4963;0
4964;0
4965;1
4966;1
4967;1
4968;0
4969;0
4970;0
4971;1
4972;1
4973;1
4974;0
4975;1
4976;1
4977;0
4978;0
4979;1
4980;0
4981;0
4982;1
4983;1
4984;0
4985;0
4986;1
4987;1
4988;1
4989;1
4990;1
4991;0
4992;1
4993;1
4994;0
4995;0
4996;0
4997;1
4998;1
4999;1
5000;1
5001;1
5002;0
5003;1
5004;1
5005;1
5006;0
5007;0
5008;0
5009;1
5010;1
5011;1
5012;0
5013;1
5014;0
5015;1
5016;1
5017;1
5018;0
5019;1
5020;0
5021;0
5022;1
5023;0
5024;1
5025;1
5026;1
5027;1
5028;0
5029;1
5030;0
5031;1
5032;0
5033;0
5034;0
5035;1
5036;1
5037;1
5038;1
5039;0
5040;1
5041;1
5042;1
5043;1
5044;0
5045;0
5046;1
5047;0
5048;0
5049;0
5050;0
5051;1
5052;1
5053;1
5054;1
5055;0
5056;0
5057;1
5058;0
5059;0
5060;1
5061;0
5062;1
5063;1
5064;0
5065;1
5066;1
5067;1
5068;1
5069;1
5070;1
5071;1
5072;0
5073;0
5074;1
5075;1
5076;1
5077;0
5078;0
5079;1
5080;1
5081;1
5082;1
5083;0
5084;1
5085;1
5086;0
5087;1
5088;1
5089;1
5090;0
5091;1
5092;1
5093;1
5094;1
5095;1
5096;0
5097;0
5098;1
5099;0
5100;1
5101;0
5102;1
5103;1
5104;1
5105;1
5106;1
5107;1
5108;1
5109;1
5110;0
5111;1
5112;1
5113;1
5114;1
5115;1
5116;1
5117;0
5118;1
5119;1
5120;0
5121;0
5122;1
5123;0
5124;0
5125;1
5126;1
5127;1
5128;0
5129;1
5130;0
5131;1
5132;0
5133;1
5134;1
5135;1
5136;0
5137;1
5138;1
5139;1
5140;0
5141;1
5142;1
5143;1
5144;1
5145;0
5146;1
5147;0
5148;0
5149;1
5150;0
5151;1
5152;1
5153;1
5154;0
5155;0
5156;0
5157;1
5158;0
5159;1
5160;1
5161;1
5162;1
5163;1
5164;1
5165;1
5166;1
5167;0
5168;1
5169;0
5170;1
5171;0
5172;0
5173;1
5174;0
5175;1
5176;0
5177;0
5178;1
5179;1
5180;0
5181;1
5182;1
5183;1
5184;0
5185;0
5186;0
5187;1
5188;1
5189;1
5190;1
5191;0
5192;0
5193;1
5194;0
5195;0
5196;0
5197;0
5198;0
5199;0
5200;0
5201;0
5202;0
5203;1
5204;0
5205;0
5206;1
5207;0
5208;1
5209;0
5210;1
5211;0
5212;1
5213;1
5214;1
5215;1
5216;1
5217;0
5218;0
5219;0
5220;0
5221;1
5222;0
5223;1
5224;0
5225;1
5226;1
5227;1
5228;0
5229;1
5230;0
5231;1
5232;0
5233;1
5234;1
5235;1
5236;1
5237;1
5238;1
5239;1
5240;1
5241;0
5242;1
5243;0
5244;1
5245;0
5246;1
5247;1
5248;1
5249;0
5250;1
5251;0
5252;1
5253;1
5254;0
5255;1
5256;1
5257;0
5258;1
5259;1
5260;0
5261;1
5262;1
5263;1
5264;1
5265;1
5266;0
5267;1
5268;1
5269;1
5270;0
5271;1
5272;0
5273;1
5274;0
5275;1
5276;1
5277;1
5278;1
5279;1
5280;1
5281;0
5282;0
5283;0
5284;1
5285;1
5286;1
5287;1
5288;0
5289;0
5290;1
5291;0
5292;1
5293;0
5294;0
5295;1
5296;1
5297;1
5298;0
5299;0
5300;1
5301;1
5302;1
5303;0
5304;1
5305;0
5306;1
5307;1
5308;0
5309;0
5310;0
5311;1
5312;0
5313;0
5314;1
5315;0
5316;1
5317;1
5318;0
5319;1
5320;1
5321;1
5322;1
5323;0
5324;0
5325;1
5326;0
5327;0
5328;1
5329;1
5330;1
5331;0
5332;1
5333;1
5334;0
5335;0
5336;1
5337;1
5338;1
5339;0
5340;1
5341;0
5342;1
5343;0
5344;1
5345;1
5346;0
5347;1
5348;1
5349;1
5350;0
5351;1
5352;1
5353;0
5354;1
5355;0
5356;1
5357;1
5358;1
5359;1
5360;0
5361;0
5362;0
5363;0
5364;0
5365;0
5366;0
5367;1
5368;1
5369;1
5370;1
5371;1
5372;0
5373;1
5374;1
5375;0
5376;0
5377;1
5378;1
5379;0
5380;0
5381;0
5382;0
5383;0
5384;1
5385;0
5386;1
5387;0
5388;0
5389;1
5390;0
5391;1
5392;1
5393;0
5394;0
5395;0
5396;0
5397;1
5398;0
5399;1
5400;1
5401;0
5402;0
5403;0
5404;0
5405;1
5406;1
5407;1
5408;0
5409;1
5410;1
5411;0
5412;1
5413;1
5414;0
5415;1
5416;1
5417;1
5418;1
5419;1
5420;0
5421;0
5422;0
5423;1
5424;1
5425;1
5426;0
5427;0
5428;0
5429;1
5430;0
5431;1
5432;1
5433;0
5434;0
5435;0
5436;1
5437;0
5438;1
5439;1
5440;0
5441;1
5442;0
5443;1
5444;0
5445;0
5446;1
5447;0
5448;1
5449;1
5450;1
5451;0
5452;0
5453;1
5454;0
5455;1
5456;1
5457;1
5458;1
5459;0
5460;1
5461;0
5462;1
5463;0
5464;0
5465;0
5466;1
5467;1
5468;0
5469;0
5470;1
5471;0
5472;0
5473;1
5474;1
5475;1
5476;0
5477;0
5478;0
5479;1
5480;0
5481;1
5482;1
5483;0
5484;1
5485;1
5486;0
5487;1
5488;0
5489;1
5490;0
5491;0
5492;0
5493;0
5494;1
5495;1
5496;0
5497;0
5498;0
5499;0
5500;1
5501;0
5502;1
5503;0
5504;1
5505;1
5506;1
5507;1
5508;0
5509;1
5510;1
5511;0
5512;1
5513;1
5514;0
5515;0
5516;0
5517;0
5518;0
5519;0
5520;1
5521;1
5522;1
5523;0
5524;1
5525;1
5526;1
5527;1
5528;0
5529;0
5530;1
5531;1
5532;1
5533;0
5534;1
5535;1
5536;1
5537;0
5538;0
5539;1
5540;0
5541;1
5542;0
5543;1
5544;0
5545;1
5546;1
5547;0
5548;1
5549;0
5550;1
5551;0
5552;1
5553;1
5554;0
5555;1
5556;0
5557;0
5558;0
5559;0
5560;1
5561;0
5562;1
5563;0
5564;1
5565;1
5566;1
5567;0
5568;1
5569;1
5570;1
5571;1
5572;0
5573;0
5574;0
5575;0
5576;1
5577;1
5578;1
5579;0
5580;1
5581;1
5582;1
5583;1
5584;1
5585;1
5586;0
5587;0
5588;0
5589;1
5590;0
5591;1
5592;1
5593;0
5594;0
5595;1
5596;0
5597;1
5598;1
5599;0
5600;1
5601;0
5602;1
5603;0
5604;1
5605;0
5606;1
5607;1
5608;1
5609;1
5610;0
5611;1
5612;0
5613;0
5614;1
5615;0
5616;0
5617;1
5618;1
5619;1
5620;1
5621;0
5622;0
5623;0
5624;1
5625;0
5626;1
5627;1
5628;1
5629;1
5630;1
5631;1
5632;1
5633;1
5634;0
5635;1
5636;0
5637;1
5638;1
5639;1
5640;1
5641;1
5642;1
5643;0
5644;0
5645;1
5646;1
5647;1
5648;1
5649;0
5650;1
5651;1
5652;1
5653;1
5654;1
5655;1
5656;1
5657;1
5658;0
5659;1
5660;0
5661;0
5662;1
5663;0
5664;0
5665;1
5666;0
5667;1
5668;1
5669;0
5670;1
5671;1
5672;1
5673;0
5674;1
5675;1
5676;1
5677;1
5678;1
5679;0
5680;0
5681;0
5682;1
5683;1
5684;1
5685;1
5686;0
5687;1
5688;0
5689;1
5690;0
5691;0
5692;0
5693;0
5694;1
5695;1
5696;1
5697;0
5698;0
5699;1
5700;1
5701;0
5702;0
5703;1
5704;1
5705;1
5706;1
5707;1
5708;1
5709;0
5710;1
5711;0
5712;1
5713;1
5714;0
5715;0
5716;1
5717;0
5718;0
5719;1
5720;0
5721;1
5722;1
5723;0
5724;1
5725;1
5726;0
5727;1
5728;1
5729;1
5730;1
5731;1
5732;1
5733;1
5734;0
5735;0
5736;1
5737;1
5738;0
5739;1
5740;0
5741;0
5742;1
5743;1
5744;1
5745;0
5746;0
5747;1
5748;0
5749;1
5750;0
5751;1
5752;0
5753;0
5754;1
5755;0
5756;1
5757;1
5758;1
5759;0
5760;1
5761;1
5762;1
5763;0
5764;1
5765;0
5766;1
5767;0
5768;1
5769;0
5770;0
5771;1
5772;0
5773;1
5774;1
5775;0
5776;1
5777;1
5778;0
5779;0
5780;0
5781;0
5782;1
5783;1
5784;1
5785;1
5786;1
5787;0
5788;1
5789;1
5790;0
5791;1
5792;0
5793;1
5794;0
5795;1
5796;1
5797;1
5798;1
5799;1
5800;1
5801;1
5802;1
5803;1
5804;1
5805;0
5806;0
5807;1
5808;1
5809;1
5810;1
5811;1
5812;1
5813;0
5814;0
5815;1
5816;1
5817;0
5818;0
5819;1
5820;1
5821;1
5822;1
5823;0
5824;0
5825;0
5826;0
5827;1
5828;1
5829;0
5830;1
5831;1
5832;0
5833;1
5834;0
5835;0
5836;1
5837;0
5838;0
5839;0
5840;1
5841;1
5842;1
5843;1
5844;1
5845;1
5846;1
5847;0
5848;0
5849;1
5850;1
5851;1
5852;1
5853;0
5854;0
5855;1
5856;0
5857;1
5858;1
5859;1
5860;0
5861;1
5862;1
5863;1
5864;0
5865;0
5866;1
5867;0
5868;1
5869;0
5870;1
5871;0
5872;1
5873;1
5874;0
5875;1
5876;0
5877;1
5878;1
5879;0
5880;1
5881;0
5882;1
5883;1
5884;0
5885;1
5886;0
5887;1
5888;1
5889;0
5890;0
5891;1
5892;1
5893;0
5894;1
5895;1
5896;1
5897;1
5898;1
5899;0
5900;0
5901;1
5902;1
5903;1
5904;1
5905;0
5906;1
5907;1
5908;1
5909;1
5910;1
5911;0
5912;1
5913;1
5914;0
5915;1
5916;1
5917;1
5918;0
5919;1
5920;1
5921;1
5922;1
5923;0
5924;1
5925;0
5926;1
5927;0
5928;0
5929;0
5930;0
5931;1
5932;0
5933;0
5934;1
5935;1
5936;1
5937;0
5938;1
5939;1
5940;1
5941;1
5942;0
5943;1
5944;1
5945;0
5946;0
5947;0
5948;1
5949;1
5950;0
5951;0
5952;0
5953;0
5954;0
5955;0
5956;0
5957;1
5958;1
5959;0
5960;0
5961;0
5962;0
5963;1
5964;0
5965;0
5966;0
5967;0
5968;0
5969;0
5970;1
5971;1
5972;0
5973;0
5974;0
5975;0
5976;1
5977;0
5978;1
5979;0
5980;0
5981;0
5982;0
5983;1
5984;0
5985;1
5986;1
5987;1
5988;0
5989;1
5990;0
5991;1
5992;1
5993;1
5994;0
5995;0
5996;1
5997;1
5998;1
5999;0
6000;1
6001;0
6002;1
6003;1
6004;0
6005;1
6006;0
6007;1
6008;1
6009;0
6010;1
6011;1
6012;1
6013;1
6014;1
6015;0
6016;0
6017;0
6018;1
6019;1
6020;1
6021;0
6022;0
6023;1
6024;0
6025;0
6026;0
6027;0
6028;1
6029;1
6030;1
6031;0
6032;1
6033;0
6034;1
6035;0
6036;0
6037;1
6038;1
6039;1
6040;0
6041;1
6042;1
6043;1
6044;1
6045;1
6046;1
6047;0
6048;1
6049;1
6050;1
6051;0
6052;1
6053;1
6054;0
6055;1
6056;1
6057;0
6058;0
6059;0
6060;1
6061;0
6062;0
6063;0
6064;1
6065;0
6066;0
6067;1
6068;1
6069;0
6070;0
6071;0
6072;1
6073;1
6074;1
6075;0
6076;0
6077;1
6078;1
6079;1
6080;1
6081;1
6082;1
6083;0
6084;0
6085;0
6086;0
6087;1
6088;0
6089;0
6090;1
6091;1
6092;0
6093;1
6094;0
6095;1
6096;1
6097;1
6098;1
6099;1
6100;1
6101;0
6102;0
6103;1
6104;0
6105;0
6106;0
6107;1
6108;1
6109;1
6110;1
6111;1
6112;0
6113;0
6114;0
6115;1
6116;1
6117;1
6118;1
6119;0
6120;0
6121;0
6122;1
6123;1
6124;1
6125;1
6126;1
6127;1
6128;0
6129;1
6130;1
6131;1
6132;0
6133;0
6134;0
6135;0
6136;1
6137;0
6138;0
6139;0
6140;1
6141;0
6142;0
6143;1
6144;0
6145;0
6146;0
6147;1
6148;0
6149;0
6150;0
6151;0
6152;1
6153;1
6154;0
6155;1
6156;0
6157;0
6158;1
6159;1
6160;1
6161;1
6162;1
6163;0
6164;0
6165;0
6166;0
6167;1
6168;0
6169;1
6170;1
6171;0
6172;0
6173;1
6174;0
6175;1
6176;1
6177;1
6178;1
6179;1
6180;1
6181;1
6182;1
6183;0
6184;0
6185;0
6186;0
6187;0
6188;1
6189;1
6190;0
6191;0
6192;0
6193;0
6194;1
6195;0
6196;0
6197;1
6198;1
6199;0
6200;1
6201;0
6202;1
6203;1
6204;0
6205;0
6206;1
6207;0
6208;1
6209;0
6210;0
6211;1
6212;0
6213;0
6214;1
6215;1
6216;1
6217;0
6218;0
6219;1
6220;0
6221;0
6222;1
6223;1
6224;1
6225;1
6226;1
6227;1
6228;1
6229;1
6230;1
6231;0
6232;0
6233;1
6234;1
6235;0
6236;0
6237;0
6238;0
6239;1
6240;1
6241;0
6242;1
6243;1
6244;1
6245;0
6246;1
6247;0
6248;0
6249;1
6250;1
6251;1
6252;0
6253;1
6254;1
6255;1
6256;1
6257;0
6258;1
6259;1
6260;0
6261;0
6262;1
6263;0
6264;0
6265;0
6266;1
6267;0
6268;1
6269;1
6270;1
6271;0
6272;0
6273;0
6274;0
6275;0
6276;0
6277;1
6278;0
6279;1
6280;0
6281;1
6282;1
6283;0
6284;0
6285;1
6286;1
6287;1
6288;1
6289;1
6290;0
6291;0
6292;1
6293;1
6294;1
6295;1
6296;1
6297;1
6298;1
6299;1
6300;1
6301;0
6302;0
6303;1
6304;0
6305;1
6306;0
6307;0
6308;1
6309;1
6310;1
6311;1
6312;1
6313;0
6314;0
6315;1
6316;0
6317;1
6318;1
6319;1
6320;0
6321;0
6322;1
6323;0
6324;0
6325;0
6326;1
6327;1
6328;1
6329;1
6330;1
6331;0
6332;0
6333;1
6334;0
6335;1
6336;1
6337;0
6338;1
6339;0
6340;1
6341;1
6342;0
6343;1
6344;1
6345;1
6346;0
6347;1
6348;1
6349;1
6350;1
6351;1
6352;1
6353;1
6354;1
6355;0
6356;1
6357;0
6358;1
6359;0
6360;1
6361;0
6362;1
6363;0
6364;0
6365;1
6366;1
6367;1
6368;1
6369;1
6370;1
6371;0
6372;0
6373;0
6374;0
6375;1
6376;1
6377;1
6378;0
6379;1
6380;0
6381;1
6382;0
6383;1
6384;1
6385;1
6386;1
6387;0
6388;0
6389;1
6390;1
6391;1
6392;0
6393;1
6394;1
6395;1
6396;1
6397;1
6398;1
6399;1
6400;1
6401;0
6402;0
6403;0
6404;0
6405;1
6406;0
6407;0
6408;1
6409;0
6410;0
6411;1
6412;1
6413;1
6414;1
6415;1
6416;0
6417;1
6418;1
6419;1
6420;1
6421;1
6422;0
6423;0
6424;1
6425;1
6426;1
6427;1
6428;1
6429;1
6430;0
6431;0
6432;0
6433;0
6434;1
6435;0
6436;1
6437;1
6438;0
6439;1
6440;1
6441;1
6442;1
6443;1
6444;1
6445;1
6446;1
6447;0
6448;1
6449;0
6450;0
6451;1
6452;0
6453;0
6454;0
6455;0
6456;1
6457;1
6458;0
6459;1
6460;1
6461;1
6462;1
6463;0
6464;1
6465;0
6466;1
6467;1
6468;0
6469;0
6470;0
6471;0
6472;0
6473;1
6474;1
6475;0
6476;0
6477;0
6478;0
6479;1
6480;1
6481;1
6482;0
6483;1
6484;1
6485;0
6486;1
6487;1
6488;1
6489;1
6490;0
6491;0
6492;1
6493;0
6494;0
6495;0
6496;0
6497;1
6498;0
6499;1
6500;1
6501;1
6502;1
6503;1
6504;1
6505;0
6506;0
6507;1
6508;0
6509;1
6510;0
6511;1
6512;0
6513;1
6514;0
6515;0
6516;1
6517;0
6518;1
6519;1
6520;1
6521;0
6522;0
6523;1
6524;0
6525;1
6526;1
6527;0
6528;0
6529;0
6530;1
6531;0
6532;0
6533;1
6534;0
6535;1
6536;1
6537;0
6538;1
6539;0
6540;1
6541;0
6542;1
6543;0
6544;1
6545;0
6546;1
6547;0
6548;1
6549;1
6550;1
6551;1
6552;1
6553;1
6554;1
6555;1
6556;1
6557;0
6558;1
6559;1
6560;0
6561;0
6562;1
6563;1
6564;0
6565;0
6566;1
6567;1
6568;0
6569;0
6570;0
6571;1
6572;1
6573;1
6574;1
6575;0
6576;1
6577;1
6578;1
6579;0
6580;1
6581;0
6582;1
6583;0
6584;1
6585;0
6586;1
6587;0
6588;0
6589;1
6590;0
6591;1
6592;0
6593;1
6594;1
6595;1
6596;1
6597;1
6598;1
6599;1
6600;0
6601;1
6602;1
6603;0
6604;1
6605;0
6606;0
6607;1
6608;1
6609;1
6610;1
6611;0
6612;1
6613;1
6614;1
6615;1
6616;0
6617;0
6618;1
6619;0
6620;1
6621;0
6622;1
6623;1
6624;0
6625;1
6626;1
6627;1
6628;1
6629;1
6630;1
6631;1
6632;1
6633;1
6634;1
6635;0
6636;1
6637;1
6638;1
6639;1
6640;1
6641;1
6642;1
6643;1
6644;0
6645;1
6646;0
6647;1
6648;1
6649;0
6650;0
6651;0
6652;0
6653;1
6654;1
6655;1
6656;0
6657;1
6658;1
6659;0
6660;0
6661;0
6662;1
6663;1
6664;1
6665;1
6666;0
6667;1
6668;1
6669;1
6670;1
6671;0
6672;0
6673;1
6674;0
6675;1
6676;0
6677;0
6678;0
6679;1
6680;0
6681;0
6682;0
6683;0
6684;0
6685;0
6686;0
6687;0
6688;1
6689;1
6690;1
6691;1
6692;1
6693;0
6694;0
6695;0
6696;1
6697;0
6698;1
6699;0
6700;0
6701;1
6702;0
6703;1
6704;0
6705;1
6706;1
6707;1
6708;0
6709;1
6710;1
6711;1
6712;1
6713;1
6714;1
6715;1
6716;1
6717;1
6718;1
6719;0
6720;0
6721;1
6722;1
6723;0
6724;1
6725;1
6726;1
6727;1
6728;1
6729;1
6730;1
6731;0
6732;1
6733;1
6734;0
6735;0
6736;1
6737;1
6738;1
6739;1
6740;0
6741;1
6742;1
6743;0
6744;1
6745;0
6746;1
6747;1
6748;0
6749;0
6750;0
6751;1
6752;1
6753;1
6754;0
6755;1
6756;0
6757;0
6758;1
6759;1
6760;1
6761;0
6762;1
6763;1
6764;1
6765;1
6766;1
6767;1
6768;1
6769;1
6770;0
6771;0
6772;1
6773;0
6774;1
6775;0
6776;1
6777;0
6778;1
6779;1
6780;1
6781;1
6782;1
6783;1
6784;1
6785;0
6786;0
6787;1
6788;0
6789;1
6790;0
6791;0
6792;1
6793;1
6794;1
6795;1
6796;1
6797;0
6798;0
6799;1
6800;1
6801;1
6802;1
6803;0
6804;1
6805;1
6806;0
6807;1
6808;1
6809;1
6810;1
6811;0
6812;0
6813;1
6814;1
6815;1
6816;0
6817;1
6818;1
6819;1
6820;0
6821;1
6822;0
6823;1
6824;0
6825;1
6826;0
6827;0
6828;0
6829;0
6830;1
6831;1
6832;0
6833;0
6834;0
6835;0
6836;1
6837;1
6838;0
6839;1
6840;1
6841;0
6842;1
6843;1
6844;1
6845;0
6846;1
6847;1
6848;0
6849;0
6850;0
6851;0
6852;0
6853;1
6854;1
6855;0
6856;1
6857;0
6858;0
6859;0
6860;0
6861;1
6862;1
6863;0
6864;1
6865;1
6866;1
6867;1
6868;0
6869;1
6870;1
6871;1
6872;1
6873;0
6874;0
6875;1
6876;1
6877;1
6878;1
6879;1
6880;1
6881;1
6882;1
6883;1
6884;1
6885;0
6886;0
6887;0
6888;1
6889;1
6890;0
6891;1
6892;1
6893;1
6894;1
6895;1
6896;1
6897;1
6898;0
6899;0
6900;1
6901;0
6902;1
6903;1
6904;1
6905;1
6906;0
6907;1
6908;1
6909;1
6910;0
6911;1
6912;1
6913;1
6914;0
6915;1
6916;1
6917;1
6918;0
6919;1
6920;1
6921;1
6922;0
6923;1
6924;1
6925;1
6926;0
6927;1
6928;1
6929;1
6930;0
6931;0
6932;1
6933;1
6934;1
6935;0
6936;1
6937;0
6938;0
6939;1
6940;1
6941;1
6942;1
6943;0
6944;1
6945;1
6946;1
6947;0
6948;1
6949;0
6950;1
6951;1
6952;1
6953;1
6954;0
6955;1
6956;0
6957;1
6958;1
6959;0
6960;1
6961;0
6962;0
6963;0
6964;1
6965;1
6966;1
6967;0
6968;0
6969;0
6970;1
6971;1
6972;0
6973;1
6974;1
6975;0
6976;1
6977;1
6978;1
6979;1
6980;1
6981;0
6982;1
6983;0
6984;0
6985;0
6986;1
6987;0
6988;1
6989;0
6990;0
6991;1
6992;1
6993;1
6994;1
6995;0
6996;1
6997;1
6998;1
6999;1
7000;0
7001;1
7002;1
7003;1
7004;1
7005;1
7006;1
7007;0
7008;1
7009;0
7010;0
7011;0
7012;1
7013;0
7014;0
7015;1
7016;0
7017;1
7018;1
7019;0
7020;1
7021;1
7022;1
7023;1
7024;0
7025;0
7026;1
7027;0
7028;1
7029;1
7030;0
7031;1
7032;0
7033;0
7034;0
7035;1
7036;1
7037;1
7038;1
7039;1
7040;1
7041;1
7042;0
7043;0
7044;1
7045;1
7046;0
7047;0
7048;1
7049;1
7050;0
7051;1
7052;1
7053;1
7054;1
7055;1
7056;1
7057;1
7058;0
7059;1
7060;1
7061;0
7062;1
7063;1
7064;1
7065;1
7066;1
7067;1
7068;0
7069;1
7070;0
7071;1
7072;1
7073;0
7074;1
7075;0
7076;1
7077;0
7078;1
7079;0
7080;1
7081;1
7082;1
7083;1
7084;1
7085;1
7086;0
7087;1
7088;1
7089;1
7090;1
7091;1
7092;0
7093;1
7094;1
7095;1
7096;1
7097;1
7098;0
7099;1
7100;1
7101;0
7102;1
7103;1
7104;0
7105;0
7106;0
7107;0
7108;1
7109;1
7110;1
7111;1
7112;0
7113;1
7114;0
7115;0
7116;1
7117;1
7118;1
7119;0
7120;1
7121;1
7122;0
7123;1
7124;1
7125;0
7126;0
7127;1
7128;1
7129;1
7130;1
7131;0
7132;1
7133;0
7134;0
7135;1
7136;1
7137;0
7138;0
7139;0
7140;0
7141;1
7142;1
7143;0
7144;0
7145;0
7146;1
7147;0
7148;0
7149;0
7150;1
7151;0
7152;0
7153;0
7154;0
7155;0
7156;0
7157;1
7158;1
7159;1
7160;1
7161;1
7162;1
7163;0
7164;1
7165;0
7166;1
7167;0
7168;0
7169;1
7170;0
7171;1
7172;1
7173;1
7174;1
7175;1
7176;1
7177;1
7178;1
7179;1
7180;1
7181;0
7182;0
7183;0
7184;1
7185;0
7186;1
7187;1
7188;1
7189;1
7190;1
7191;1
7192;1
7193;1
7194;1
7195;0
7196;1
7197;1
7198;1
7199;1
7200;0
7201;1
7202;1
7203;0
7204;1
7205;1
7206;1
7207;0
7208;1
7209;1
7210;0
7211;1
7212;1
7213;1
7214;0
7215;0
7216;0
7217;0
7218;0
7219;1
7220;0
7221;1
7222;1
7223;1
7224;1
7225;1
7226;0
7227;1
7228;1
7229;1
7230;0
7231;1
7232;0
7233;0
7234;1
7235;0
7236;0
7237;1
7238;0
7239;1
7240;1
7241;1
7242;0
7243;1
7244;1
7245;0
7246;0
7247;1
7248;1
7249;1
7250;0
7251;0
7252;0
7253;1
7254;1
7255;1
7256;1
7257;1
7258;0
7259;0
7260;1
7261;0
7262;1
7263;1
7264;0
7265;1
7266;0
7267;1
7268;1
7269;0
7270;1
7271;0
7272;1
7273;1
7274;0
7275;1
7276;1
7277;1
7278;0
7279;1
7280;1
7281;1
7282;1
7283;1
7284;1
7285;0
7286;0
7287;1
7288;1
7289;1
7290;1
7291;0
7292;1
7293;0
7294;0
7295;1
7296;0
7297;0
7298;1
7299;1
7300;0
7301;1
7302;1
7303;1
7304;0
7305;0
7306;1
7307;1
7308;0
7309;1
7310;0
7311;1
7312;0
7313;1
7314;1
7315;1
7316;0
7317;0
7318;1
7319;0
7320;1
7321;1
7322;0
7323;1
7324;0
7325;1
7326;1
7327;1
7328;1
7329;0
7330;1
7331;1
7332;1
7333;1
7334;1
7335;0
7336;1
7337;1
7338;1
7339;0
7340;0
7341;0
7342;1
7343;0
7344;0
7345;1
7346;0
7347;1
7348;1
7349;1
7350;1
7351;1
7352;1
7353;1
7354;1
7355;1
7356;1
7357;0
7358;1
7359;0
7360;1
7361;0
7362;0
7363;0
7364;0
7365;0
7366;0
7367;1
7368;1
7369;0
7370;1
7371;0
7372;1
7373;1
7374;1
7375;0
7376;0
7377;0
7378;0
7379;0
7380;0
7381;1
7382;0
7383;1
7384;1
7385;1
7386;0
7387;0
7388;1
7389;0
7390;1
7391;1
7392;1
7393;0
7394;1
7395;1
7396;1
7397;1
7398;0
7399;1
7400;0
7401;1
7402;1
7403;0
7404;1
7405;1
7406;0
7407;0
7408;1
7409;1
7410;1
7411;0
7412;1
7413;1
7414;0
7415;1
7416;1
7417;0
7418;1
7419;1
7420;1
7421;0
7422;1
7423;0
7424;1
7425;1
7426;1
7427;1
7428;0
7429;1
7430;0
7431;1
7432;0
7433;0
7434;1
7435;0
7436;0
7437;0
7438;0
7439;0
7440;1
7441;1
7442;1
7443;1
7444;1
7445;1
7446;1
7447;0
7448;1
7449;0
7450;0
7451;0
7452;0
7453;0
7454;1
7455;0
7456;1
7457;0
7458;1
7459;0
7460;0
7461;1
7462;1
7463;1
7464;1
7465;0
7466;0
7467;1
7468;1
7469;0
7470;1
7471;1
7472;0
7473;1
7474;1
7475;1
7476;1
7477;0
7478;1
7479;1
7480;0
7481;1
7482;1
7483;0
7484;1
7485;1
7486;1
7487;1
7488;1
7489;0
7490;1
7491;1
7492;0
7493;1
7494;0
7495;1
7496;0
7497;0
7498;1
7499;1
7500;1
7501;1
7502;1
7503;1
7504;1
7505;1
7506;0
7507;1
7508;1
7509;0
7510;1
7511;1
7512;1
7513;1
7514;1
7515;1
7516;0
7517;0
7518;1
7519;0
7520;0
7521;0
7522;0
7523;1
7524;1
7525;1
7526;1
7527;0
7528;0
7529;0
7530;0
7531;1
7532;1
7533;1
7534;1
7535;0
7536;1
7537;0
7538;0
7539;1
7540;0
7541;0
7542;1
7543;0
7544;0
7545;0
7546;0
7547;1
7548;1
7549;1
7550;1
7551;1
7552;1
7553;0
7554;0
7555;1
7556;0
7557;0
7558;0
7559;0
7560;1
7561;0
7562;1
7563;1
7564;0
7565;1
7566;1
7567;1
7568;1
7569;1
7570;1
7571;0
7572;1
7573;0
7574;1
7575;1
7576;1
7577;1
7578;0
7579;0
7580;1
7581;0
7582;0
7583;0
7584;1
7585;0
7586;1
7587;1
7588;1
7589;1
7590;0
7591;1
7592;0
7593;1
7594;0
7595;1
7596;1
7597;1
7598;1
7599;1
7600;1
7601;1
7602;0
7603;0
7604;0
7605;1
7606;0
7607;0
7608;1
7609;1
7610;1
7611;1
7612;0
7613;0
7614;1
7615;0
7616;0
7617;1
7618;1
7619;1
7620;1
7621;0
7622;1
7623;1
7624;0
7625;1
7626;1
7627;1
7628;0
7629;1
7630;1
7631;1
7632;1
7633;0
7634;1
7635;1
7636;0
7637;1
7638;1
7639;1
7640;1
7641;1
7642;1
7643;0
7644;1
7645;0
7646;1
7647;0
7648;1
7649;0
7650;1
7651;1
7652;0
7653;1
7654;1
7655;1
7656;1
7657;0
7658;1
7659;0
7660;1
7661;0
7662;0
7663;1
7664;0
7665;0
7666;1
7667;1
7668;1
7669;1
7670;1
7671;1
7672;1
7673;0
7674;0
7675;1
7676;0
7677;1
7678;0
7679;1
7680;1
7681;1
7682;1
7683;1
7684;1
7685;1
7686;0
7687;1
7688;1
7689;0
7690;0
7691;0
7692;0
7693;1
7694;1
7695;0
7696;0
7697;1
7698;1
7699;1
7700;0
7701;1
7702;0
7703;0
7704;1
7705;1
7706;0
7707;1
7708;0
7709;0
7710;1
7711;1
7712;0
7713;0
7714;1
7715;1
7716;1
7717;1
7718;1
7719;1
7720;1
7721;1
7722;1
7723;0
7724;1
7725;1
7726;0
7727;1
7728;0
7729;1
7730;1
7731;0
7732;0
7733;0
7734;0
7735;1
7736;1
7737;0
7738;1
7739;0
7740;1
7741;1
7742;1
7743;0
7744;1
7745;1
7746;1
7747;1
7748;1
7749;1
7750;1
7751;0
7752;0
7753;1
7754;1
7755;1
7756;1
7757;1
7758;1
7759;0
7760;0
7761;0
7762;1
7763;1
7764;0
7765;1
7766;1
7767;0
7768;0
7769;0
7770;1
7771;1
7772;1
7773;1
7774;0
7775;1
7776;0
7777;0
7778;1
7779;1
7780;0
7781;1
7782;0
7783;1
7784;0
7785;1
7786;0
7787;1
7788;1
7789;1
7790;0
7791;0
7792;0
7793;1
7794;1
7795;0
7796;1
7797;1
7798;1
7799;0
7800;1
7801;0
7802;1
7803;0
7804;1
7805;0
7806;1
7807;1
7808;0
7809;1
7810;1
7811;1
7812;1
7813;0
7814;0
7815;1
7816;1
7817;1
7818;1
7819;1
7820;1
7821;1
7822;0
7823;0
7824;0
7825;1
7826;1
7827;1
7828;1
7829;1
7830;0
7831;0
7832;1
7833;1
7834;1
7835;1
7836;1
7837;1
7838;0
7839;0
7840;1
7841;0
7842;1
7843;1
7844;1
7845;0
7846;0
7847;0
7848;0
7849;1
7850;1
7851;1
7852;0
7853;0
7854;1
7855;0
7856;1
7857;1
7858;0
7859;1
7860;1
7861;1
7862;1
7863;0
7864;0
7865;1
7866;1
7867;1
7868;1
7869;0
7870;0
7871;1
7872;1
7873;1
7874;1
7875;1
7876;1
7877;0
7878;1
7879;0
7880;0
7881;1
7882;0
7883;1
7884;0
7885;1
7886;0
7887;1
7888;0
7889;1
7890;1
7891;0
7892;1
7893;0
7894;0
7895;1
7896;1
7897;1
7898;0
7899;1
7900;1
7901;0
7902;0
7903;0
7904;1
7905;0
7906;1
7907;1
7908;0
7909;1
7910;1
7911;1
7912;0
7913;1
7914;0
7915;0
7916;1
7917;0
7918;1
7919;1
7920;1
7921;1
7922;1
7923;0
7924;0
7925;1
7926;0
7927;1
7928;0
7929;0
7930;1
7931;0
7932;0
7933;1
7934;0
7935;0
7936;0
7937;1
7938;1
7939;1
7940;0
7941;1
7942;1
7943;1
7944;1
7945;1
7946;1
7947;0
7948;1
7949;0
7950;0
7951;0
7952;0
7953;0
7954;1
7955;1
7956;1
7957;1
7958;0
7959;1
7960;1
7961;1
7962;0
7963;1
7964;1
7965;0
7966;0
7967;0
7968;0
7969;1
7970;1
7971;1
7972;0
7973;0
7974;1
7975;1
7976;1
7977;1
7978;1
7979;1
7980;0
7981;0
7982;1
7983;0
7984;1
7985;1
7986;1
7987;1
7988;0
7989;1
7990;1
7991;1
7992;1
7993;0
7994;1
7995;0
7996;1
7997;0
7998;1
7999;0
8000;1
8001;1
8002;0
8003;0
8004;1
8005;1
8006;1
8007;1
8008;1
8009;1
8010;0
8011;1
8012;0
8013;0
8014;1
8015;1
8016;1
8017;1
8018;0
8019;1
8020;0
8021;0
8022;1
8023;0
8024;1
8025;1
8026;0
8027;0
8028;1
8029;1
8030;1
8031;0
8032;1
8033;0
8034;0
8035;1
8036;1
8037;0
8038;1
8039;1
8040;1
8041;1
8042;1
8043;0
8044;1
8045;0
8046;1
8047;0
8048;0
8049;0
8050;0
8051;1
8052;1
8053;1
8054;1
8055;0
8056;0
8057;1
8058;1
8059;1
8060;0
8061;0
8062;0
8063;1
8064;1
8065;1
8066;0
8067;1
8068;1
8069;0
8070;0
8071;1
8072;0
8073;0
8074;1
8075;1
8076;0
8077;0
8078;1
8079;0
8080;0
8081;1
8082;0
8083;0
8084;0
8085;0
8086;1
8087;0
8088;0
8089;1
8090;1
8091;1
8092;0
8093;1
8094;1
8095;1
8096;1
8097;0
8098;1
8099;1
8100;1
8101;1
8102;0
8103;0
8104;1
8105;0
8106;1
8107;1
8108;1
8109;0
8110;1
8111;1
8112;0
8113;0
8114;1
8115;0
8116;0
8117;0
8118;1
8119;1
8120;1
8121;1
8122;1
8123;1
8124;1
8125;1
8126;0
8127;1
8128;0
8129;1
8130;1
8131;0
8132;1
8133;0
8134;1
8135;0
8136;1
8137;1
8138;0
8139;1
8140;0
8141;0
8142;1
8143;1
8144;1
8145;1
8146;1
8147;1
8148;1
8149;0
8150;1
8151;1
8152;1
8153;0
8154;1
8155;0
8156;1
8157;1
8158;1
8159;1
8160;1
8161;1
8162;0
8163;1
8164;0
8165;1
8166;1
8167;0
8168;1
8169;1
8170;1
8171;1
8172;1
8173;1
8174;0
8175;1
8176;1
8177;0
8178;1
8179;0
8180;1
8181;1
8182;1
8183;0
8184;1
8185;1
8186;1
8187;1
8188;1
8189;1
8190;1
8191;1
8192;1
8193;1
8194;1
8195;1
8196;1
8197;0
8198;1
8199;1
8200;1
8201;1
8202;0
8203;0
8204;1
8205;1
8206;0
8207;0
8208;1
8209;0
8210;1
8211;0
8212;1
8213;1
8214;1
8215;0
8216;0
8217;0
8218;1
8219;1
8220;0
8221;0
8222;0
8223;0
8224;0
8225;0
8226;1
8227;0
8228;1
8229;0
8230;1
8231;0
8232;1
8233;1
8234;1
8235;1
8236;1
8237;1
8238;0
8239;0
8240;1
8241;0
8242;0
8243;0
8244;0
8245;0
8246;1
8247;1
8248;1
8249;1
8250;0
8251;1
8252;0
8253;0
8254;1
8255;1
8256;1
8257;0
8258;0
8259;1
8260;0
8261;0
8262;0
8263;1
8264;1
8265;1
8266;0
8267;1
8268;1
8269;0
8270;0
8271;1
8272;1
8273;1
8274;1
8275;0
8276;1
8277;0
8278;1
8279;1
8280;0
8281;1
8282;1
8283;1
8284;1
8285;1
8286;1
8287;0
8288;1
8289;0
8290;0
8291;1
8292;1
8293;1
8294;0
8295;1
8296;0
8297;1
8298;1
8299;0
8300;1
8301;1
8302;1
8303;1
8304;1
8305;1
8306;1
8307;1
8308;1
8309;1
8310;1
8311;1
8312;0
8313;0
8314;1
8315;1
8316;0
8317;0
8318;1
8319;1
8320;1
8321;0
8322;0
8323;1
8324;1
8325;0
8326;1
8327;0
8328;0
8329;0
8330;1
8331;1
8332;0
8333;1
8334;1
8335;1
8336;1
8337;1
8338;0
8339;0
8340;0
8341;1
8342;0
8343;0
8344;0
8345;0
8346;1
8347;1
8348;0
8349;1
8350;0
8351;1
8352;1
8353;1
8354;1
8355;1
8356;0
8357;1
8358;1
8359;1
8360;0
8361;1
8362;1
8363;1
8364;0
8365;0
8366;0
8367;1
8368;0
8369;1
8370;1
8371;0
8372;1
8373;1
8374;1
8375;1
8376;0
8377;0
8378;1
8379;0
8380;0
8381;1
8382;1
8383;0
8384;1
8385;1
8386;1
8387;1
8388;0
8389;1
8390;1
8391;1
8392;1
8393;1
8394;1
8395;1
8396;1
8397;1
8398;1
8399;1
8400;0
8401;1
8402;1
8403;1
8404;1
8405;1
8406;0
8407;1
8408;0
8409;0
8410;1
8411;0
8412;0
8413;1
8414;1
8415;1
8416;0
8417;1
8418;0
8419;0
8420;1
8421;0
8422;0
8423;0
8424;1
8425;0
8426;0
8427;0
8428;0
8429;0
8430;1
8431;0
8432;0
8433;0
8434;0
8435;0
8436;1
8437;0
8438;0
8439;0
8440;1
8441;0
8442;1
8443;0
8444;0
8445;0
8446;0
8447;1
8448;1
8449;1
8450;0
8451;0
8452;1
8453;1
8454;1
8455;1
8456;0
8457;1
8458;0
8459;1
8460;1
8461;1
8462;1
8463;1
8464;1
8465;0
8466;1
8467;0
8468;0
8469;1
8470;1
8471;1
8472;1
8473;1
8474;0
8475;1
8476;1
8477;1
8478;0
8479;0
8480;1
8481;0
8482;1
8483;0
8484;0
8485;1
8486;1
8487;1
8488;0
8489;1
8490;1
8491;1
8492;1
8493;1
8494;1
8495;0
8496;1
8497;0
8498;1
8499;1
8500;0
8501;1
8502;1
8503;1
8504;1
8505;1
8506;0
8507;1
8508;0
8509;1
8510;0
8511;1
8512;1
8513;1
8514;0
8515;0
8516;1
8517;1
8518;1
8519;0
8520;1
8521;0
8522;1
8523;1
8524;0
8525;1
8526;1
8527;0
8528;0
8529;0
8530;1
8531;1
8532;0
8533;1
8534;1
8535;1
8536;1
8537;0
8538;1
8539;0
8540;0
8541;1
8542;1
8543;1
8544;0
8545;1
8546;1
8547;0
8548;1
8549;0
8550;1
8551;0
8552;0
8553;1
8554;0
8555;1
8556;1
8557;1
8558;1
8559;0
8560;0
8561;1
8562;1
8563;0
8564;1
8565;1
8566;1
8567;0
8568;1
8569;0
8570;1
8571;1
8572;0
8573;1
8574;0
8575;1
8576;0
8577;1
8578;1
8579;0
8580;1
8581;1
8582;1
8583;0
8584;0
8585;0
8586;0
8587;0
8588;1
8589;0
8590;0
8591;1
8592;0
8593;0
8594;1
8595;1
8596;0
8597;1
8598;0
8599;1
8600;1
8601;1
8602;1
8603;1
8604;0
8605;1
8606;1
8607;0
8608;1
8609;0
8610;0
8611;1
8612;1
8613;1
8614;1
8615;0
8616;0
8617;1
8618;1
8619;1
8620;1
8621;1
8622;0
8623;0
8624;1
8625;1
8626;0
8627;0
8628;1
8629;1
8630;1
8631;1
8632;1
8633;1
8634;0
8635;0
8636;1
8637;1
8638;1
8639;1
8640;1
8641;0
8642;0
8643;1
8644;0
8645;0
8646;0
8647;0
8648;1
8649;0
8650;0
8651;1
8652;1
8653;0
8654;0
8655;1
8656;0
8657;1
8658;0
8659;1
8660;0
8661;0
8662;1
8663;1
8664;0
8665;1
8666;1
8667;1
8668;1
8669;1
8670;1
8671;1
8672;0
8673;1
8674;1
8675;1
8676;1
8677;1
8678;1
8679;0
8680;0
8681;1
8682;1
8683;0
8684;1
8685;1
8686;1
8687;1
8688;0
8689;0
8690;0
8691;1
8692;1
8693;1
8694;0
8695;0
8696;1
8697;0
8698;0
8699;1
8700;0
8701;1
8702;1
8703;0
8704;0
8705;1
8706;1
8707;1
8708;1
8709;1
8710;1
8711;0
8712;0
8713;1
8714;1
8715;0
8716;1
8717;0
8718;0
8719;0
8720;1
8721;0
8722;1
8723;1
8724;1
8725;0
8726;1
8727;1
8728;1
8729;1
8730;0
8731;1
8732;1
8733;1
8734;0
8735;0
8736;0
8737;1
8738;1
8739;1
8740;0
8741;1
8742;1
8743;0
8744;1
8745;0
8746;0
8747;1
8748;0
8749;1
8750;0
8751;1
8752;0
8753;1
8754;0
8755;1
8756;0
8757;1
8758;1
8759;1
8760;0
8761;1
8762;0
8763;0
8764;0
8765;0
8766;0
8767;1
8768;0
8769;1
8770;0
8771;1
8772;1
8773;0
8774;1
8775;1
8776;1
8777;0
8778;0
8779;1
8780;0
8781;1
8782;1
8783;0
8784;1
8785;1
8786;1
8787;1
8788;1
8789;0
8790;1
8791;1
8792;0
8793;0
8794;1
8795;1
8796;1
8797;0
8798;0
8799;0
8800;1
8801;1
8802;0
8803;0
8804;0
8805;1
8806;0
8807;1
8808;0
8809;1
8810;0
8811;0
8812;1
8813;1
8814;1
8815;1
8816;1
8817;1
8818;1
8819;1
8820;1
8821;0
8822;0
8823;1
8824;0
8825;1
8826;0
8827;1
8828;1
8829;1
8830;1
8831;1
8832;1
8833;0
8834;0
8835;0
8836;0
8837;1
8838;1
8839;0
8840;1
8841;1
8842;0
8843;1
8844;1
8845;0
8846;0
8847;1
8848;1
8849;1
8850;0
8851;1
8852;1
8853;1
8854;1
8855;1
8856;1
8857;1
8858;0
8859;0
8860;0
8861;0
8862;1
8863;1
8864;0
8865;1
8866;1
8867;0
8868;0
8869;0
8870;0
8871;0
8872;0
8873;1
8874;1
8875;1
8876;1
8877;1
8878;0
8879;0
8880;1
8881;1
8882;0
8883;1
8884;1
8885;1
8886;1
8887;1
8888;1
8889;0
8890;1
8891;1
8892;1
8893;1
8894;1
8895;1
8896;1
8897;1
8898;1
8899;0
8900;1
8901;0
8902;1
8903;1
8904;0
8905;1
8906;1
8907;0
8908;1
8909;1
8910;1
8911;0
8912;0
8913;1
8914;1
8915;1
8916;0
8917;1
8918;1
8919;1
8920;1
8921;0
8922;1
8923;1
8924;1
8925;1
8926;0
8927;0
8928;0
8929;0
8930;0
8931;1
8932;1
8933;0
8934;0
8935;1
8936;0
8937;1
8938;1
8939;1
8940;1
8941;1
8942;1
8943;0
8944;1
8945;1
8946;1
8947;1
8948;1
8949;1
8950;0
8951;0
8952;1
8953;1
8954;1
8955;0
8956;1
8957;1
8958;0
8959;0
8960;0
8961;0
8962;1
8963;1
8964;1
8965;1
8966;1
8967;1
8968;1
8969;1
8970;1
8971;1
8972;1
8973;1
8974;1
8975;0
8976;0
8977;0
8978;1
8979;1
8980;1
8981;1
8982;1
8983;0
8984;0
8985;0
8986;1
8987;1
8988;1
8989;0
8990;0
8991;1
8992;0
8993;1
8994;0
8995;1
8996;0
8997;1
8998;0
8999;0
9000;0
9001;1
9002;0
9003;1
9004;1
9005;0
9006;0
9007;1
9008;0
9009;1
9010;1
9011;0
9012;0
9013;0
9014;1
9015;1
9016;1
9017;1
9018;0
9019;0
9020;1
9021;0
9022;1
9023;1
9024;0
9025;1
9026;1
9027;1
9028;1
9029;1
9030;1
9031;0
9032;1
9033;0
9034;0
9035;0
9036;0
9037;0
9038;1
9039;0
9040;0
9041;1
9042;1
9043;1
9044;1
9045;1
9046;0
9047;0
9048;0
9049;0
9050;1
9051;0
9052;1
9053;1
9054;1
9055;0
9056;1
9057;1
9058;1
9059;0
9060;1
9061;0
9062;0
9063;0
9064;1
9065;0
9066;1
9067;0
9068;1
9069;1
9070;1
9071;1
9072;0
9073;1
9074;1
9075;0
9076;1
9077;0
9078;0
9079;1
9080;0
9081;0
9082;1
9083;1
9084;1
9085;1
9086;1
9087;0
9088;1
9089;1
9090;0
9091;0
9092;0
9093;1
9094;1
9095;1
9096;0
9097;0
9098;1
9099;1
9100;1
9101;0
9102;0
9103;0
9104;0
9105;1
9106;1
9107;0
9108;1
9109;1
9110;0
9111;1
9112;1
9113;1
9114;0
9115;0
9116;0
9117;0
9118;1
9119;1
9120;0
9121;0
9122;0
9123;1
9124;0
9125;1
9126;0
9127;0
9128;0
9129;0
9130;1
9131;1
9132;0
9133;0
9134;0
9135;1
9136;0
9137;0
9138;1
9139;0
9140;0
9141;1
9142;0
9143;1
9144;1
9145;0
9146;0
9147;0
9148;0
9149;0
9150;1
9151;0
9152;0
9153;1
9154;1
9155;0
9156;1
9157;0
9158;0
9159;1
9160;1
9161;1
9162;0
9163;0
9164;1
9165;1
9166;0
9167;1
9168;1
9169;0
9170;1
9171;1
9172;1
9173;1
9174;0
9175;0
9176;0
9177;0
9178;1
9179;0
9180;1
9181;0
9182;1
9183;1
9184;1
9185;0
9186;0
9187;1
9188;0
9189;1
9190;1
9191;0
9192;0
9193;0
9194;0
9195;1
9196;1
9197;1
9198;1
9199;1
9200;1
9201;1
9202;0
9203;1
9204;0
9205;0
9206;1
9207;0
9208;1
9209;0
9210;1
9211;0
9212;1
9213;1
9214;0
9215;1
9216;1
9217;0
9218;0
9219;0
9220;0
9221;0
9222;0
9223;1
9224;1
9225;1
9226;0
9227;0
9228;0
9229;1
9230;0
9231;0
9232;0
9233;0
9234;0
9235;1
9236;0
9237;1
9238;0
9239;0
9240;1
9241;0
9242;0
9243;1
9244;1
9245;0
9246;1
9247;1
9248;1
9249;0
9250;1
9251;1
9252;0
9253;0
9254;1
9255;1
9256;1
9257;0
9258;0
9259;0
9260;1
9261;1
9262;0
9263;0
9264;0
9265;0
9266;0
9267;0
9268;1
9269;0
9270;1
9271;0
9272;1
9273;0
9274;0
9275;0
9276;0
9277;0
9278;1
9279;0
9280;1
9281;0
9282;0
9283;1
9284;1
9285;0
9286;1
9287;0
9288;1
9289;0
9290;0
9291;0
9292;0
9293;0
9294;0
9295;0
9296;1
9297;0
9298;0
9299;0
9300;0
9301;0
9302;1
9303;1
9304;0
9305;0
9306;0
9307;0
9308;1
9309;1
9310;0
9311;0
9312;1
9313;0
9314;0
9315;0
9316;0
9317;0
9318;0
9319;0
9320;0
9321;0
9322;0
9323;0
9324;0
9325;1
9326;1
9327;0
9328;1
9329;1
9330;1
9331;1
9332;1
9333;1
9334;1
9335;0
9336;1
9337;1
9338;0
9339;1
9340;0
9341;0
9342;1
9343;1
9344;1
9345;1
9346;1
9347;0
9348;1
9349;0
9350;0
9351;0
9352;0
9353;0
9354;1
9355;1
9356;1
9357;1
9358;1
9359;0
9360;0
9361;1
9362;0
9363;0
9364;1
9365;0
9366;1
9367;1
9368;1
9369;1
9370;1
9371;1
9372;1
9373;1
9374;0
9375;1
9376;0
9377;1
9378;1
9379;0
9380;0
9381;1
9382;0
9383;1
9384;0
9385;1
9386;1
9387;0
9388;1
9389;1
9390;1
9391;0
9392;1
9393;0
9394;0
9395;1
9396;1
9397;1
9398;1
9399;1
9400;0
9401;0
9402;1
9403;1
9404;1
9405;1
9406;1
9407;0
9408;1
9409;0
9410;0
9411;1
9412;0
9413;0
9414;0
9415;1
9416;0
9417;0
9418;1
9419;0
9420;0
9421;0
9422;0
9423;0
9424;1
9425;0
9426;1
9427;1
9428;0
9429;0
9430;1
9431;1
9432;0
9433;1
9434;1
9435;1
9436;1
9437;0
9438;0
9439;1
9440;1
9441;1
9442;0
9443;1
9444;1
9445;0
9446;1
9447;1
9448;1
9449;0
9450;0
9451;0
9452;1
9453;1
9454;0
9455;1
9456;1
9457;1
9458;0
9459;1
9460;0
9461;1
9462;0
9463;1
9464;1
9465;0
9466;0
9467;0
9468;0
9469;1
9470;1
9471;0
9472;1
9473;1
9474;1
9475;1
9476;0
9477;1
9478;1
9479;1
9480;0
9481;1
9482;0
9483;0
9484;0
9485;1
9486;0
9487;1
9488;0
9489;1
9490;0
9491;0
9492;0
9493;0
9494;1
9495;1
9496;0
9497;0
9498;0
9499;1
9500;1
9501;1
9502;0
9503;0
9504;1
9505;0
9506;0
9507;0
9508;0
9509;0
9510;0
9511;1
9512;0
9513;0
9514;1
9515;1
9516;1
9517;0
9518;1
9519;1
9520;0
9521;1
9522;1
9523;0
9524;1
9525;1
9526;0
9527;0
9528;0
9529;1
9530;1
9531;0
9532;0
9533;1
9534;0
9535;1
9536;0
9537;1
9538;0
9539;0
9540;1
9541;1
9542;1
9543;0
9544;0
9545;1
9546;1
9547;0
9548;0
9549;0
9550;1
9551;1
9552;1
9553;0
9554;0
9555;0
9556;0
9557;1
9558;1
9559;1
9560;0
9561;0
9562;0
9563;0
9564;0
9565;0
9566;1
9567;0
9568;0
9569;1
9570;0
9571;1
9572;0
9573;0
9574;0
9575;1
9576;1
9577;1
9578;0
9579;0
9580;0
9581;1
9582;1
9583;0
9584;1
9585;0
9586;0
9587;0
9588;0
9589;0
9590;0
9591;0
9592;0
9593;0
9594;0
9595;1
9596;1
9597;0
9598;1
9599;1
9600;0
9601;1
9602;1
9603;1
9604;0
9605;1
9606;1
9607;1
9608;0
9609;1
9610;0
9611;0
9612;1
9613;1
9614;1
9615;1
9616;1
9617;1
9618;0
9619;1
9620;0
9621;1
9622;1
9623;1
9624;1
9625;0
9626;1
9627;1
9628;0
9629;1
9630;1
9631;1
9632;0
9633;1
9634;1
9635;1
9636;0
9637;1
9638;1
9639;1
9640;0
9641;1
9642;0
9643;1
9644;0
9645;0
9646;1
9647;1
9648;1
9649;0
9650;0
9651;1
9652;0
9653;1
9654;1
9655;1
9656;1
9657;0
9658;0
9659;0
9660;0
9661;0
9662;0
9663;0
9664;1
9665;1
9666;0
9667;0
9668;0
9669;1
9670;0
9671;0
9672;0
9673;1
9674;0
9675;1
9676;1
9677;1
9678;1
9679;1
9680;1
9681;0
9682;0
9683;1
9684;0
9685;1
9686;0
9687;1
9688;1
9689;1
9690;0
9691;0
9692;0
9693;0
9694;1
9695;0
9696;0
9697;0
9698;1
9699;0
9700;1
9701;1
9702;1
9703;0
9704;1
9705;0
9706;0
9707;0
9708;0
9709;0
9710;1
9711;1
9712;1
9713;1
9714;0
9715;0
9716;1
9717;1
9718;1
9719;0
9720;1
9721;1
9722;1
9723;1
9724;0
9725;1
9726;1
9727;0
9728;0
9729;0
9730;0
9731;0
9732;0
9733;1
9734;1
9735;1
9736;0
9737;0
9738;1
9739;1
9740;0
9741;0
9742;0
9743;0
9744;0
9745;1
9746;0
9747;1
9748;0
9749;1
9750;0
9751;0
9752;0
9753;1
9754;0
9755;0
9756;1
9757;1
9758;1
9759;0
9760;0
9761;1
9762;1
9763;0
9764;0
9765;0
9766;1
9767;1
9768;0
9769;1
9770;0
9771;0
9772;1
9773;1
9774;1
9775;1
9776;1
9777;0
9778;1
9779;0
9780;1
9781;0
9782;1
9783;1
9784;0
9785;1
9786;1
9787;0
9788;1
9789;1
9790;1
9791;1
9792;1
9793;1
9794;0
9795;0
9796;0
9797;1
9798;0
9799;1
9800;1
9801;1
9802;0
9803;1
9804;1
9805;0
9806;0
9807;0
9808;1
9809;1
9810;1
9811;0
9812;0
9813;0
9814;0
9815;0
9816;1
9817;0
9818;1
9819;0
9820;0
9821;1
9822;1
9823;1
9824;1
9825;0
9826;1
9827;0
9828;1
9829;0
9830;0
9831;0
9832;1
9833;1
9834;0
9835;0
9836;0
9837;0
9838;0
9839;1
9840;1
9841;1
9842;0
9843;0
9844;0
9845;0
9846;0
9847;1
9848;0
9849;1
9850;0
9851;1
9852;0
9853;0
9854;0
9855;1
9856;1
9857;1
9858;0
9859;0
9860;1
9861;0
9862;1
9863;0
9864;0
9865;0
9866;0
9867;1
9868;1
9869;0
9870;0
9871;1
9872;0
9873;0
9874;0
9875;0
9876;1
9877;0
9878;1
9879;0
9880;1
9881;0
9882;0
9883;1
9884;0
9885;1
9886;1
9887;1
9888;1
9889;1
9890;0
9891;0
9892;1
9893;0
9894;0
9895;0
9896;0
9897;1
9898;0
9899;0
9900;0
9901;0
9902;1
9903;0
9904;0
9905;0
9906;0
9907;0
9908;0
9909;0
9910;1
9911;1
9912;1
9913;1
9914;0
9915;0
9916;0
9917;0
9918;1
9919;0
9920;0
9921;1
9922;1
9923;1
9924;0
9925;0
9926;0
9927;0
9928;1
9929;1
9930;1
9931;0
9932;0
9933;0
9934;1
9935;1
9936;0
9937;1
9938;1
9939;0
9940;0
9941;1
9942;1
9943;0
9944;0
9945;1
9946;0
9947;0
9948;0
9949;0
9950;0
9951;1
9952;1
9953;1
9954;1
9955;0
9956;1
9957;0
9958;0
9959;1
9960;0
9961;0
9962;0
9963;0
9964;0
9965;1
9966;0
9967;0
9968;0
9969;0
9970;1
9971;0
9972;0
9973;1
9974;0
9975;1
9976;0
9977;0
9978;1
9979;1
9980;0
9981;0
9982;1
9983;0
9984;1
9985;1
9986;0
9987;0
9988;0
9989;1
9990;0
9991;0
9992;0
9993;0
9994;1
9995;0
9996;1
9997;1
9998;0
9999;1
10000;0
10001;0
10002;0
10003;1
10004;1
10005;0
10006;0
10007;1
10008;0
10009;1
10010;0
10011;0
10012;0
10013;1
10014;0
10015;1
10016;1
10017;1
10018;1
10019;0
10020;0
10021;1
10022;0
10023;0
10024;0
10025;1
10026;0
10027;0
10028;0
10029;0
10030;1
10031;1
10032;0
10033;0
10034;0
10035;1
10036;0
10037;1
10038;1
10039;0
10040;1
10041;0
10042;0
10043;1
10044;1
10045;0
10046;1
10047;1
10048;0
10049;0
10050;1
10051;0
10052;1
10053;0
10054;0
10055;0
10056;0
10057;0
10058;1
10059;0
10060;1
10061;1
10062;1
10063;0
10064;1
10065;1
10066;1
10067;0
10068;1
10069;0
10070;0
10071;0
10072;0
10073;0
10074;1
10075;1
10076;0
10077;1
10078;0
10079;0
10080;1
10081;0
10082;1
10083;1
10084;1
10085;0
10086;1
10087;0
10088;1
10089;0
10090;1
10091;0
10092;0
10093;1
10094;0
10095;0
10096;0
10097;0
10098;1
10099;1
10100;1
10101;1
10102;0
10103;1
10104;0
10105;0
10106;0
10107;0
10108;0
10109;1
10110;0
10111;0
10112;0
10113;0
10114;0
10115;1
10116;1
10117;0
10118;0
10119;1
10120;0
10121;1
10122;0
10123;1
10124;0
10125;1
10126;1
10127;0
10128;1
10129;0
10130;1
10131;1
10132;1
10133;1
10134;1
10135;1
10136;1
10137;0
10138;1
10139;1
10140;0
10141;1
10142;0
10143;0
10144;0
10145;0
10146;0
10147;0
10148;0
10149;1
10150;0
10151;0
10152;0
10153;0
10154;0
10155;0
10156;0
10157;1
10158;1
10159;1
10160;0
10161;1
10162;0
10163;1
10164;1
10165;0
10166;1
10167;1
10168;1
10169;1
10170;0
10171;0
10172;0
10173;1
10174;1
10175;1
10176;1
10177;1
10178;0
10179;1
10180;0
10181;0
10182;1
10183;0
10184;1
10185;1
10186;1
10187;0
10188;1
10189;0
10190;1
10191;1
10192;0
10193;0
10194;0
10195;0
10196;1
10197;0
10198;1
10199;1
10200;1
10201;1
10202;0
10203;1
10204;1
10205;0
10206;0
10207;0
10208;0
10209;0
10210;0
10211;1
10212;1
10213;0
10214;1
10215;0
10216;0
10217;0
10218;0
10219;1
10220;1
10221;0
10222;1
10223;1
10224;0
10225;1
10226;1
10227;0
10228;0
10229;0
10230;0
10231;1
10232;1
10233;1
10234;1
10235;0
10236;0
10237;1
10238;0
10239;0
10240;1
10241;1
10242;0
10243;1
10244;1
10245;0
10246;0
10247;0
10248;0
10249;1
10250;0
10251;0
10252;0
10253;1
10254;1
10255;1
10256;1
10257;0
10258;1
10259;1
10260;0
10261;1
10262;0
10263;0
10264;0
10265;1
10266;1
10267;1
10268;0
10269;0
10270;1
10271;0
10272;1
10273;1
10274;1
10275;1
10276;1
10277;1
10278;1
10279;0
10280;1
10281;1
10282;0
10283;0
10284;0
10285;0
10286;1
10287;1
10288;1
10289;0
10290;0
10291;0
10292;1
10293;0
10294;0
10295;0
10296;0
10297;1
10298;0
10299;1
10300;1
10301;0
10302;1
10303;0
10304;0
10305;0
10306;0
10307;1
10308;1
10309;1
10310;0
10311;0
10312;0
10313;1
10314;1
10315;0
10316;0
10317;1
10318;1
10319;0
10320;0
10321;0
10322;0
10323;1
10324;0
10325;0
10326;0
10327;0
10328;1
10329;1
10330;1
10331;1
10332;1
10333;0
10334;0
10335;0
10336;1
10337;1
10338;0
10339;0
10340;0
10341;0
10342;0
10343;0
10344;0
10345;1
10346;0
10347;1
10348;0
10349;0
10350;1
10351;0
10352;0
10353;1
10354;0
10355;1
10356;0
10357;0
10358;1
10359;0
10360;1
10361;0
10362;1
10363;0
10364;0
10365;0
10366;0
10367;1
10368;0
10369;1
10370;0
10371;0
10372;0
10373;1
10374;0
10375;0
10376;1
10377;1
10378;0
10379;0
10380;0
10381;1
10382;0
10383;1
10384;0
10385;0
10386;0
10387;1
10388;0
10389;0
10390;1
10391;0
10392;0
10393;1
10394;0
10395;1
10396;1
10397;0
10398;0
10399;0
10400;1
10401;0
10402;0
10403;1
10404;0
10405;0
10406;0
10407;1
10408;1
10409;0
10410;1
10411;0
10412;0
10413;1
10414;1
10415;0
10416;0
10417;1
10418;0
10419;0
10420;1
10421;1
10422;1
10423;0
10424;0
10425;0
10426;0
10427;1
10428;0
10429;1
10430;1
10431;0
10432;1
10433;0
10434;1
10435;0
10436;1
10437;1
10438;0
10439;1
10440;0
10441;0
10442;1
10443;0
10444;0
10445;1
10446;0
10447;0
10448;1
10449;1
10450;0
10451;0
10452;1
10453;0
10454;1
10455;1
10456;0
10457;1
10458;0
10459;1
10460;0
10461;0
10462;1
10463;1
10464;0
10465;1
10466;0
10467;0
10468;0
10469;0
10470;1
10471;0
10472;1
10473;0
10474;1
10475;1
10476;0
10477;1
10478;1
10479;0
10480;0
10481;0
10482;0
10483;0
10484;0
10485;0
10486;1
10487;1
10488;0
10489;0
10490;1
10491;1
10492;0
10493;0
10494;1
10495;1
10496;1
10497;1
10498;0
10499;1
10500;1
10501;1
10502;1
10503;1
10504;1
10505;1
10506;1
10507;1
10508;1
10509;1
10510;1
10511;1
10512;1
10513;1
10514;1
10515;1
10516;1
10517;1
10518;1
10519;1
10520;1
10521;1
10522;1
10523;1
10524;1
10525;0
10526;1
10527;1
10528;1
10529;1
10530;0
10531;1
10532;1
10533;1
10534;1
10535;1
10536;1
10537;1
10538;1
10539;1
10540;1
10541;1
10542;1
10543;1
10544;1
10545;1
10546;1
10547;1
10548;1
10549;0
10550;1
10551;1
10552;1
10553;1
10554;1
10555;1
10556;1
10557;1
10558;1
10559;1
10560;1
10561;1
10562;1
10563;1
10564;1
10565;0
10566;1
10567;1
10568;1
10569;1
10570;1
10571;1
10572;1
10573;1
10574;1
10575;1
10576;1
10577;1
10578;1
10579;1
10580;1
10581;0
10582;1
10583;1
10584;1
10585;1
10586;1
10587;1
10588;1
10589;1
10590;1
10591;1
10592;1
10593;1
10594;1
10595;1
10596;1
10597;1
10598;1
10599;1
10600;1
10601;1
10602;1
10603;1
10604;1
10605;1
10606;1
10607;1
10608;1
10609;1
10610;1
10611;1
10612;1
10613;1
10614;1
10615;1
10616;0
10617;1
10618;1
10619;1
10620;1
10621;1
10622;1
10623;1
10624;1
10625;1
10626;1
10627;1
10628;1
10629;1
10630;1
10631;1
10632;1
10633;1
10634;1
10635;1
10636;1
10637;1
10638;1
10639;1
10640;1
10641;1
10642;1
10643;1
10644;1
10645;1
10646;1
10647;1
10648;1
10649;1
10650;1
10651;1
10652;1
10653;1
10654;1
10655;1
10656;1
10657;1
10658;1
10659;1
10660;1
10661;1
10662;1
10663;0
10664;1
10665;1
10666;1
10667;1
10668;1
10669;1
10670;1
10671;1
10672;1
10673;1
10674;1
10675;1
10676;1
10677;1
10678;1
10679;1
10680;1
10681;1
10682;1
10683;1
10684;1
10685;1
10686;1
10687;1
10688;1
10689;1
10690;1
10691;1
10692;1
10693;1
10694;1
10695;1
10696;1
10697;1
10698;1
10699;1
10700;1
10701;1
10702;1
10703;1
10704;1
10705;1
10706;1
10707;1
10708;1
10709;1
10710;1
10711;1
10712;1
10713;1
10714;1
10715;1
10716;1
10717;1
10718;1
10719;1
10720;0
10721;1
10722;1
10723;1
10724;1
10725;1
10726;1
10727;1
10728;1
10729;1
10730;1
10731;1
10732;1
10733;1
10734;1
10735;1
10736;1
10737;1
10738;1
10739;1
10740;1
10741;1
10742;1
10743;1
10744;1
10745;1
10746;1
10747;1
10748;1
10749;1
10750;1
10751;1
10752;1
10753;1
10754;1
10755;1
10756;1
10757;1
10758;1
10759;1
10760;1
10761;1
10762;1
10763;1
10764;1
10765;1
10766;1
10767;1
10768;1
10769;1
10770;1
10771;1
10772;1
10773;1
10774;1
10775;1
10776;1
10777;1
10778;1
10779;1
10780;1
10781;1
10782;1
10783;1
10784;1
10785;1
10786;1
10787;1
10788;1
10789;1
10790;1
10791;1
10792;1
10793;1
10794;1
10795;1
10796;1
10797;1
10798;1
10799;1
10800;1
10801;1
10802;1
10803;0
10804;1
10805;1
10806;1
10807;1
10808;1
10809;1
10810;1
10811;1
10812;1
10813;1
10814;1
10815;1
10816;1
10817;1
10818;1
10819;0
10820;0
10821;1
10822;1
10823;1
10824;0
10825;1
10826;1
10827;1
10828;0
10829;0
10830;0
10831;1
10832;1
10833;1
10834;1
10835;0
10836;1
10837;0
10838;0
10839;0
10840;1
10841;1
10842;1
10843;0
10844;0
10845;0
10846;0
10847;0
10848;0
10849;1
10850;1
10851;0
10852;0
10853;0
10854;0
10855;1
10856;0
10857;0
10858;1
10859;0
10860;1
10861;1
10862;0
10863;0
10864;1
10865;0
10866;0
10867;0
10868;0
10869;0
10870;0
10871;0
10872;0
10873;0
10874;0
10875;0
10876;0
10877;0
10878;0
10879;0
10880;0
10881;0
10882;0
10883;0
10884;0
10885;0
10886;0
10887;0
10888;0
10889;0
10890;0
10891;0
10892;0
10893;0
10894;0
10895;1
10896;0
10897;0
10898;0
10899;1
10900;0
